hcc_id,community_size,n_unique_hashtags,primary_brand,brand_label_auto,brand_combo,brand_confidence,brand_label_source,top_brand_score,second_brand,second_brand_score,top_brand_share,product_context_top_brand,product_context_top_score,product_context_second_brand,product_context_second_score,product_context_top_share,product_context_combo,azarine_score,daviena_score,maryame_score,the_originote_score,azarine_users,daviena_users,maryame_users,the_originote_users,azarine_videos,daviena_videos,maryame_videos,the_originote_videos,azarine_context_comments,daviena_context_comments,maryame_context_comments,the_originote_context_comments,azarine_context_users,daviena_context_users,maryame_context_users,the_originote_context_users,azarine_context_videos,daviena_context_videos,maryame_context_videos,the_originote_context_videos,top_brand_hashtags,top_5_hashtags_overall
1,3,31,Daviena,Mixed_3plus_Brands,Daviena + Maryame + Azarine,Low,hashtag_lexicon,4,Maryame,4,0.4,Maryame,12,Daviena,6,0.5714,Maryame + Daviena + Azarine,2,4,4,0,6,12,9,0,2,4,4,0,3,6,12,0,3,3,3,0,1,2,4,0,davienaretinol(1); ownerdavienaskincare(1); daviena(1); retinoldaviena(1),retinolskincare(2); maryamebeautee(2); glowup(2); retinoldaviena(1); creamajaib(1)
2,6,6,Maryame,Maryame,Maryame,High,hashtag_lexicon,3,,0,1.0,Maryame,18,,0,1.0000,Maryame,0,0,3,0,0,0,6,0,0,0,3,0,0,0,18,0,0,0,6,0,0,0,3,0,maryame(3),maryame(3); dokterdetektif(1); tipsandtricks(1); mputrizahro(1); tips(1)
3,5,12,Maryame,Mixed_2_Brands,Maryame + The Originote,Medium,hashtag_lexicon,1,The Originote,1,0.5,Azarine,5,Maryame,5,0.3333,Azarine + Maryame + The Originote,0,0,1,1,0,0,5,5,0,0,1,1,5,0,5,5,5,0,5,5,1,0,1,1,maryame(1),skincareampuh(1); mencerahkankulit(1); retinol(1); mengurangitandapenuaan(1); encapsulatedretinol(1)
5,8,16,The Originote,The Originote,The Originote,High,hashtag_lexicon,8,,0,1.0,The Originote,64,,0,1.0000,The Originote,0,0,0,8,0,0,0,24,0,0,0,8,0,0,0,64,0,0,0,8,0,0,0,8,theoriginote(6); reviewserumtheoriginote(1); serumtheoriginote(1),theoriginote(6); brightserum(1); capcut(1); niacinamideserum(1); brighteningserum(1)
14,3,16,Daviena,Mixed_3plus_Brands,Daviena + Maryame + The Originote,Low,hashtag_lexicon,2,Maryame,2,0.4,Daviena,6,Maryame,6,0.4000,Daviena + Maryame + The Originote,0,2,2,1,0,6,6,3,0,2,2,1,0,6,6,3,0,3,3,3,0,2,2,1,davienaskincare(1); ownerdavienaskincare(1),skincaretips(1); sleepingmaskretinoldaviena(1); retinol(1); sleepingmaskretinolbooster(1); klarifikasi(1)
15,6,4,The Originote,The Originote,The Originote,High,hashtag_lexicon,1,,0,1.0,Daviena,6,Maryame,6,0.3333,Daviena + Maryame + The Originote,0,0,0,1,0,0,0,6,0,0,0,1,0,6,6,6,0,6,6,6,0,1,1,1,theoriginote(1),racunjuju(1); theoriginote(1); brightb3serum(1); hyalucserum(1)
16,5,9,Daviena,Daviena,Daviena + The Originote,Medium,hashtag_lexicon,2,The Originote,1,0.6667,Daviena,10,The Originote,5,0.6667,Daviena + The Originote,0,2,0,1,0,10,0,5,0,2,0,1,0,10,0,5,0,5,0,5,0,2,0,1,retinoldaviena(1); davienaskincare(1),retinoldaviena(1); davienaskincare(1); carapakeretinol(1); retinol(1); racunjuju(1)
17,11,24,Maryame,Mixed_3plus_Brands,Maryame + The Originote + Azarine,Low,hashtag_lexicon,4,The Originote,3,0.4444,Maryame,21,Azarine,14,0.4773,Maryame + Azarine + The Originote,2,0,4,3,14,0,19,5,2,0,4,3,14,0,21,9,11,0,11,5,3,0,4,3,maryamebeautee(2); maryame(2),theoriginote(3); maryame(2); dokterdetektif(2); maryamebeautee(2); glowupcream(1)
18,6,6,The Originote,The Originote,The Originote,High,hashtag_lexicon,1,,0,1.0,Azarine,6,Maryame,6,0.3333,Azarine + Maryame + The Originote,0,0,0,1,0,0,0,6,0,0,0,1,6,0,6,6,6,0,6,6,1,0,1,1,theoriginote(1),retinolviral(1); skincaremaryame(1); skincareproducts(1); theoriginote(1); brightb3serum(1)
20,3,20,Daviena,Daviena,Daviena + Maryame,Medium,hashtag_lexicon,3,Maryame,2,0.6,Maryame,15,Daviena,9,0.6250,Maryame + Daviena,0,3,2,0,0,9,3,0,0,3,2,0,0,9,15,0,0,3,3,0,0,3,5,0,retinoldaviena(1); davienaskincare(1); ownerdavienaskincare(1),maryame(2); skincaretips(1); stepskincare(1); creamajaib(1); fishcollagen(1)
34,3,20,Daviena,Daviena,Daviena + Maryame + The Originote,Medium,hashtag_lexicon,3,Maryame,1,0.6,Daviena,4,Maryame,4,0.3333,Daviena + Maryame + Azarine + The Originote,0,3,1,1,0,6,2,2,0,3,1,1,2,4,4,2,2,3,2,2,1,2,2,1,retinoldaviena(1); davienaskincare(1); ownerdavienaskincare(1),azarinesuperserum(1); serum(1); serumtheoriginote(1); dokterdetektif(1); maryame(1)
40,5,13,Daviena,Daviena,Daviena,High,hashtag_lexicon,3,,0,1.0,Daviena,23,,0,1.0000,Daviena,0,3,0,0,0,10,0,0,0,3,0,0,0,23,0,0,0,5,0,0,0,3,0,0,retinoldaviena(2); davienaskincare(1),retinoldaviena(2); skincaretips(1); sleepingmaskretinoldaviena(1); retinol(1); sleepingmaskretinolbooster(1)
43,4,21,Maryame,Mixed_3plus_Brands,Maryame + Azarine + The Originote,Medium,hashtag_lexicon,2,Azarine,1,0.5,Maryame,12,Azarine,8,0.5000,Maryame + Azarine + The Originote,1,0,2,1,4,0,4,4,1,0,2,1,8,0,12,4,4,0,4,4,2,0,3,1,maryame(2),maryame(2); mengurangitandapenuaan(1); theoriginote(1); berawaldaritiktokshop(1); skincareviral(1)
44,7,10,The Originote,The Originote,The Originote + Daviena,Medium,hashtag_lexicon,2,Daviena,1,0.6667,The Originote,14,Daviena,7,0.6667,The Originote + Daviena,0,1,0,2,0,7,0,14,0,1,0,2,0,7,0,14,0,7,0,7,0,1,0,2,reviewserumtheoriginote(1); theoriginote(1),fyf(1); ceritaiketia(1); retinoldaviena(1); pejuangglowing(1); pejuangglowup(1)
46,5,21,The Originote,Mixed_3plus_Brands,The Originote + Azarine + Maryame,Medium,hashtag_lexicon,2,Azarine,1,0.5,Azarine,10,Maryame,10,0.3333,Azarine + Maryame + The Originote,1,0,1,2,5,0,5,10,1,0,1,2,10,0,10,10,5,0,5,5,2,0,2,2,theoriginote(1); reviewserumtheoriginote(1),acnefighter(1); creammaryamebeautee(1); rekomendasiserum(1); reviewserum(1); brighteningserum(1)
47,6,24,Daviena,Mixed_3plus_Brands,Daviena + Maryame + The Originote,Low,hashtag_lexicon,1,Maryame,1,0.3333,Daviena,12,Maryame,6,0.6000,Daviena + Maryame + The Originote,0,1,1,1,0,6,6,2,0,1,1,1,0,12,6,2,0,6,6,2,0,2,1,1,davienaretinol(1),retinolskincare(2); racunnabella(1); brightb3serum(1); theoriginote(1); daycream(1)
48,6,10,Maryame,Maryame,Maryame,High,hashtag_lexicon,2,,0,1.0,Maryame,12,Daviena,6,0.6667,Maryame + Daviena,0,0,2,0,0,0,12,0,0,0,2,0,0,6,12,0,0,6,6,0,0,1,2,0,maryamebeautyglowupcream(1); maryame(1),skincareviral(1); gayaditiktok(1); kerajaanglowing(1); retinol(1); reviewjudes(1)
50,5,33,Daviena,Daviena,Daviena + Maryame + The Originote,Medium,hashtag_lexicon,8,Maryame,2,0.7273,Daviena,20,Maryame,10,0.5000,Daviena + Maryame + Azarine + The Originote,0,8,2,1,0,20,10,5,0,8,2,1,5,20,10,5,5,5,5,5,1,4,2,1,davienaskincare(3); retinoldaviena(3); ownerdavienaskincare(1); daviena(1),retinol(3); retinoldaviena(3); davienaskincare(3); retinolskincare(2); glowup(2)
52,11,30,Azarine,Azarine,Azarine + Daviena,High,hashtag_lexicon,5,Daviena,1,0.8333,Azarine,68,Daviena,4,0.9189,Azarine + Daviena + Maryame,5,1,0,0,32,2,0,0,5,1,0,0,68,4,2,0,11,2,2,0,7,2,1,0,azarinecosmetic(2); marvelxazarine(2); azarine(1),retinol(4); marvelxazarine(2); retinolserum(2); serumazarine(2); azarinecosmetic(2)
53,5,21,Daviena,Daviena,Daviena,High,hashtag_lexicon,8,,0,1.0,Daviena,30,,0,1.0000,Daviena,0,8,0,0,0,15,0,0,0,8,0,0,0,30,0,0,0,5,0,0,0,6,0,0,davienaskincare(4); retinoldaviena(3); davienaretinol(1),davienaskincare(4); retinoldaviena(3); retinol(2); retinolbosterdaviena(1); reviewskincare(1)
58,3,25,Daviena,Daviena,Daviena,High,hashtag_lexicon,7,,0,1.0,Daviena,11,,0,1.0000,Daviena,0,7,0,0,0,15,0,0,0,7,0,0,0,11,0,0,0,3,0,0,0,4,0,0,davienaskincare(2); retinoldaviena(2); davienaretinol(1); ownerdavienaskincare(1); daviena(1),davienaskincare(2); retinoldaviena(2); buzzer(1); pemutihkulit(1); retinolskincare(1)
62,3,35,Maryame,Mixed_3plus_Brands,Maryame + Daviena + The Originote,Medium,hashtag_lexicon,4,Daviena,3,0.5,Maryame,11,Daviena,7,0.5000,Maryame + Daviena + Azarine + The Originote,0,3,4,1,0,4,6,2,0,3,4,1,2,7,11,2,2,2,3,2,1,4,6,1,maryamebeautyglowupcream(2); maryame(1); maryamebeauty(1),retinol(4); creamajaib(2); maryamebeautyglowupcream(2); davienaskincare(2); stepskincare(1)
73,3,17,Daviena,Daviena,Daviena + Maryame,Medium,hashtag_lexicon,3,Maryame,2,0.6,Daviena,6,Maryame,6,0.5000,Daviena + Maryame,0,3,2,0,0,6,3,0,0,3,2,0,0,6,6,0,0,3,3,0,0,2,2,0,retinoldaviena(2); davienaretinol(1),retinoldaviena(2); maryame(2); fyf(1); daycreamviral(1); skincareviral(1)
74,4,7,Daviena,Mixed_2_Brands,Daviena + Maryame,Medium,hashtag_lexicon,1,Maryame,1,0.5,Maryame,12,Daviena,4,0.7500,Maryame + Daviena,0,1,1,0,0,4,4,0,0,1,1,0,0,4,12,0,0,4,4,0,0,1,3,0,davienaskincare(1),reviewjujurdaviena(1); davienaskincare(1); maryamebeautyglowupcream(1); creamviral(1); creamsatset(1)
86,5,8,Daviena,Mixed_2_Brands,Daviena + Maryame,Medium,hashtag_lexicon,1,Maryame,1,0.5,Daviena,10,Maryame,10,0.4000,Daviena + Maryame + Azarine,0,1,1,0,0,5,5,0,0,1,1,0,5,10,10,0,5,5,5,0,1,2,2,0,davienaskincare(1),retinolviral(1); racunjuju(1); klarifikasi(1); davienaskincare(1); komitmen(1)
90,4,17,Azarine,Mixed_3plus_Brands,Azarine + Daviena + Maryame,Low,hashtag_lexicon,2,Daviena,2,0.4,Azarine,4,Daviena,4,0.3333,Azarine + Daviena + Maryame,2,2,1,0,8,8,4,0,2,2,1,0,4,4,4,0,4,4,4,0,1,1,1,0,azarinecosmetic(1); marvelxazarine(1),retinolcomplex(1); davienabooster(1); creamsatset(1); creamajaib(1); davienaretinol(1)
99,6,7,The Originote,The Originote,The Originote,High,hashtag_lexicon,3,,0,1.0,The Originote,28,,0,1.0000,The Originote,0,0,0,3,0,0,0,12,0,0,0,3,0,0,0,28,0,0,0,6,0,0,0,3,theoriginote(2); serumtheoriginote(1),theoriginote(2); brightserum(1); serumtheoriginote(1); serumviral(1); theoriginoteserum(1)
112,6,11,Maryame,Maryame,Maryame,High,hashtag_lexicon,2,,0,1.0,Maryame,28,,0,1.0000,Maryame,0,0,2,0,0,0,12,0,0,0,2,0,0,0,28,0,0,0,6,0,0,0,3,0,maryame(1); maryamebeautee(1),cream(2); 4upage(1); maryame(1); creammaryamebeautee(1); cuantanpabatas(1)
113,6,9,Maryame,Maryame,Maryame,High,hashtag_lexicon,2,,0,1.0,Maryame,28,,0,1.0000,Maryame,0,0,2,0,0,0,6,0,0,0,2,0,0,0,28,0,0,0,6,0,0,0,3,0,maryame(2),maryame(2); daycream(2); daycreamviral(1); hydrolizedcollagen(1); niacinamide(1)
116,6,9,The Originote,The Originote,The Originote,High,hashtag_lexicon,2,,0,1.0,The Originote,12,Maryame,6,0.6667,The Originote + Maryame,0,0,0,2,0,0,0,12,0,0,0,2,0,0,6,12,0,0,6,6,0,0,1,2,theoriginote(1); serumtheoriginote(1),creamsatset(1); maryamebeutee(1); creamajaib(1); theoriginote(1); capcut(1)
130,4,10,Azarine,Mixed_3plus_Brands,Azarine + Maryame + The Originote,Medium,hashtag_lexicon,2,Maryame,1,0.5,Azarine,4,Maryame,4,0.3333,Azarine + Maryame + The Originote,2,0,1,1,8,0,4,4,2,0,1,1,4,0,4,4,4,0,4,4,1,0,1,1,azarinecosmetic(1); marvelxazarine(1),azarinecosmetic(1); marvelxazarine(1); creamajaib(1); creamsatset(1); maryamebeautee(1)
133,3,16,Daviena,Daviena,Daviena + The Originote,Medium,hashtag_lexicon,2,The Originote,1,0.6667,Daviena,6,Maryame,5,0.4000,Daviena + Maryame + Azarine + The Originote,0,2,0,1,0,6,0,2,0,2,0,1,2,6,5,2,2,3,3,2,1,2,2,1,retinoldaviena(1); davienaretinol(1),skincareampuh(1); mencerahkankulit(1); retinol(1); mengurangitandapenuaan(1); encapsulatedretinol(1)
150,6,38,Maryame,Maryame,Maryame + The Originote,Medium,hashtag_lexicon,5,The Originote,2,0.7143,Maryame,30,The Originote,12,0.6250,Maryame + The Originote + Daviena,0,0,5,2,0,0,24,12,0,0,5,2,0,6,30,12,0,6,6,6,0,1,5,2,maryame(2); maryamebeautyglowupcream(1); maryamebeauty(1); maryamebeautee(1),maryame(2); maryamebeauty(1); cuantanpabatas(1); tipsandtricks(1); mputrizahro(1)
169,5,12,Daviena,Daviena,Daviena,High,hashtag_lexicon,4,,0,1.0,Daviena,23,,0,1.0000,Daviena,0,4,0,0,0,15,0,0,0,4,0,0,0,23,0,0,0,5,0,0,0,3,0,0,davienaskincare(2); retinoldaviena(1); davienaretinol(1),davienaskincare(2); reviewjujurdaviena(1); davienaretinolbooster(1); davienaskincareofficial(1); retinolbosterdaviena(1)
181,4,5,Azarine,Azarine,Azarine,High,hashtag_lexicon,2,,0,1.0,Azarine,18,,0,1.0000,Azarine,2,0,0,0,8,0,0,0,2,0,0,0,18,0,0,0,4,0,0,0,3,0,0,0,azarinecosmetic(1); marvelxazarine(1),acnefighter(1); retinol(1); azarinecosmetic(1); marvelxazarine(1); retinolviral(1)
182,5,8,Daviena,Daviena,Daviena,High,hashtag_lexicon,3,,0,1.0,Daviena,23,,0,1.0000,Daviena,0,3,0,0,0,15,0,0,0,3,0,0,0,23,0,0,0,5,0,0,0,3,0,0,retinoldaviena(1); davienaskincare(1); davienaretinol(1),retinoldaviena(1); davienaskincare(1); carapakeretinol(1); retinol(1); racunnabella(1)
183,6,2,Maryame,Maryame,Maryame + Azarine,Medium,product_category_fallback,12,Azarine,6,0.6667,Maryame,12,Azarine,6,0.6667,Maryame + Azarine,0,0,0,0,0,0,0,0,0,0,0,0,6,0,12,0,6,0,6,0,1,0,2,0,,acnefighter(1); retinol(1)
184,7,3,The Originote,The Originote,The Originote,High,hashtag_lexicon,1,,0,1.0,Daviena,7,Maryame,7,0.3333,Daviena + Maryame + The Originote,0,0,0,1,0,0,0,7,0,0,0,1,0,7,7,7,0,7,7,7,0,1,1,1,theoriginote(1),racunjuju(1); theoriginote(1); brightserum(1)
193,5,7,The Originote,The Originote,The Originote,High,hashtag_lexicon,3,,0,1.0,The Originote,23,,0,1.0000,The Originote,0,0,0,3,0,0,0,10,0,0,0,3,0,0,0,23,0,0,0,5,0,0,0,3,theoriginote(2); reviewserumtheoriginote(1),theoriginote(2); brightb3serum(1); hyalucserum(1); reviewserum(1); rekomendasiserum(1)
204,4,15,Azarine,Azarine,Azarine,High,hashtag_lexicon,1,,0,1.0,Azarine,18,,0,1.0000,Azarine,1,0,0,0,4,0,0,0,1,0,0,0,18,0,0,0,4,0,0,0,3,0,0,0,azarine(1),serumazarine(2); retinol(2); azarineretinol(1); retinolserum(1); serumazarinemarvel(1)
205,5,9,The Originote,The Originote,The Originote,High,hashtag_lexicon,3,,0,1.0,The Originote,23,,0,1.0000,The Originote,0,0,0,3,0,0,0,5,0,0,0,3,0,0,0,23,0,0,0,5,0,0,0,3,theoriginote(3),theoriginote(3); capcut(1); niacinamideserum(1); brighteningserum(1); brightb3serum(1)
206,5,5,Maryame,Maryame,Maryame,High,hashtag_lexicon,3,,0,1.0,Maryame,23,,0,1.0000,Maryame,0,0,3,0,0,0,10,0,0,0,3,0,0,0,23,0,0,0,5,0,0,0,3,0,maryame(2); maryamebeautyglowupcream(1),maryame(2); maryamebeautyglowupcream(1); creamviral(1); skincareviral(1); dokterdetektif(1)
