candidate_id,coverage_target,confidence_threshold,actual_coverage,covered_accuracy,covered_macro_f1,full_set_accuracy_abstain_wrong,n_abstained,locked_test_used
single__stage2__indobert_base_p2__comment_only__len128__lr1em05__drop0p2__weighted_cross_entropy__ls0p0__seed42,0.9343,0.4868063032627105,0.9344933469805528,0.7809419496166484,0.7269629469444455,0.72978505629478,64,False
single__stage2__indobert_base_p2__comment_only__len128__lr1em05__drop0p2__weighted_cross_entropy__ls0p0__seed42,0.95,0.4682297706604004,0.9508700102354145,0.7771797631862217,0.7241071883962679,0.7389969293756398,48,False
single__stage2__indobert_base_p2__comment_only__len128__lr1em05__drop0p2__weighted_cross_entropy__ls0p0__seed42,1.0,0.0,1.0,0.7645854657113613,0.7142913744309093,0.7645854657113613,0,False
single__stage2__indobert_base_p2__comment_only__len128__lr1em05__drop0p2__weighted_cross_entropy__ls0p0__seed52,0.9343,0.4948932528495788,0.9344933469805528,0.787513691128149,0.737378736004488,0.7359263050153532,64,False
single__stage2__indobert_base_p2__comment_only__len128__lr1em05__drop0p2__weighted_cross_entropy__ls0p0__seed52,0.95,0.4692207872867584,0.9508700102354145,0.7804090419806243,0.7300121935382954,0.7420675537359263,48,False
single__stage2__indobert_base_p2__comment_only__len128__lr1em05__drop0p2__weighted_cross_entropy__ls0p0__seed52,1.0,0.0,1.0,0.7666325486182191,0.7182856808007392,0.7666325486182191,0,False
single__stage2__indobert_base_p2__comment_only__len128__lr1em05__drop0p2__weighted_cross_entropy__ls0p0__seed62,0.9343,0.528660774230957,0.9344933469805528,0.7820372398685652,0.7277305498080201,0.7308085977482088,64,False
single__stage2__indobert_base_p2__comment_only__len128__lr1em05__drop0p2__weighted_cross_entropy__ls0p0__seed62,0.95,0.5021241307258606,0.9508700102354145,0.7804090419806243,0.7292252659238153,0.7420675537359263,48,False
single__stage2__indobert_base_p2__comment_only__len128__lr1em05__drop0p2__weighted_cross_entropy__ls0p0__seed62,1.0,0.0,1.0,0.7656090071647902,0.7186181167028153,0.7656090071647902,0,False
single__stage2__indobert_base_p2__comment_only__len128__lr3em05__drop0p1__weighted_cross_entropy__ls0p0__seed42,0.9343,0.6464537978172302,0.9344933469805528,0.8072289156626506,0.7563537394245717,0.7543500511770727,64,False
single__stage2__indobert_base_p2__comment_only__len128__lr3em05__drop0p1__weighted_cross_entropy__ls0p0__seed42,0.95,0.6003984808921814,0.9508700102354145,0.8008611410118407,0.7494278459680012,0.7615148413510747,48,False
single__stage2__indobert_base_p2__comment_only__len128__lr3em05__drop0p1__weighted_cross_entropy__ls0p0__seed42,1.0,0.0,1.0,0.7850562947799385,0.733411953296593,0.7850562947799385,0,False
single__stage2__indobert_base_p2__comment_only__len128__lr3em05__drop0p1__weighted_cross_entropy__ls0p0__seed52,0.9343,0.6021773219108582,0.9344933469805528,0.7864184008762322,0.7335548316534082,0.7349027635619243,64,False
single__stage2__indobert_base_p2__comment_only__len128__lr3em05__drop0p1__weighted_cross_entropy__ls0p0__seed52,0.95,0.5693588852882385,0.9508700102354145,0.7771797631862217,0.7237290484799749,0.7389969293756398,48,False
single__stage2__indobert_base_p2__comment_only__len128__lr3em05__drop0p1__weighted_cross_entropy__ls0p0__seed52,1.0,0.0,1.0,0.759467758444217,0.7082753647455565,0.759467758444217,0,False
single__stage2__indobert_base_p2__comment_only__len128__lr3em05__drop0p1__weighted_cross_entropy__ls0p0__seed62,0.9343,0.5378208160400391,0.9344933469805528,0.7897042716319824,0.734631152131088,0.7379733879222109,64,False
single__stage2__indobert_base_p2__comment_only__len128__lr3em05__drop0p1__weighted_cross_entropy__ls0p0__seed62,0.95,0.5153844952583313,0.9508700102354145,0.7857911733046287,0.7317849736758961,0.7471852610030706,48,False
single__stage2__indobert_base_p2__comment_only__len128__lr3em05__drop0p1__weighted_cross_entropy__ls0p0__seed62,1.0,0.0,1.0,0.7697031729785057,0.7171248545998045,0.7697031729785057,0,False
single__stage2__indobert_base_p2__context_sep_comment__len128__lr2em05__drop0p2__cross_entropy__ls0p025__seed42,0.9343,0.5614769458770752,0.9344933469805528,0.8017524644030668,0.7453083628822915,0.7492323439099283,64,False
single__stage2__indobert_base_p2__context_sep_comment__len128__lr2em05__drop0p2__cross_entropy__ls0p025__seed42,0.95,0.5348153114318848,0.9508700102354145,0.7976318622174381,0.7414462832745382,0.7584442169907881,48,False
single__stage2__indobert_base_p2__context_sep_comment__len128__lr2em05__drop0p2__cross_entropy__ls0p025__seed42,1.0,0.0,1.0,0.7830092118730808,0.7327013716441209,0.7830092118730808,0,False
single__stage2__indobert_base_p2__context_sep_comment__len128__lr2em05__drop0p2__cross_entropy__ls0p025__seed52,0.9343,0.5285272002220154,0.9344933469805528,0.7907995618838992,0.7421694769261776,0.7389969293756398,64,False
single__stage2__indobert_base_p2__context_sep_comment__len128__lr2em05__drop0p2__cross_entropy__ls0p025__seed52,0.95,0.511176347732544,0.9508700102354145,0.7857911733046287,0.7378885345418184,0.7471852610030706,48,False
single__stage2__indobert_base_p2__context_sep_comment__len128__lr2em05__drop0p2__cross_entropy__ls0p025__seed52,1.0,0.0,1.0,0.7666325486182191,0.7195982672791819,0.7666325486182191,0,False
single__stage2__indobert_base_p2__context_sep_comment__len128__lr2em05__drop0p2__cross_entropy__ls0p025__seed62,0.9343,0.5719879865646362,0.9344933469805528,0.7940854326396495,0.7401488272076507,0.7420675537359263,64,False
single__stage2__indobert_base_p2__context_sep_comment__len128__lr2em05__drop0p2__cross_entropy__ls0p025__seed62,0.95,0.5411278605461121,0.9508700102354145,0.790096878363832,0.7385924061603694,0.7512794268167861,48,False
single__stage2__indobert_base_p2__context_sep_comment__len128__lr2em05__drop0p2__cross_entropy__ls0p025__seed62,1.0,0.0,1.0,0.7717502558853634,0.722820318862624,0.7717502558853634,0,False
single__stage2__indobert_base_p2__context_sep_comment__len128__lr3em05__drop0p1__weighted_cross_entropy__ls0p0__seed42,0.9343,0.5434157848358154,0.9344933469805528,0.7776560788608982,0.7303671539805943,0.7267144319344934,64,False
single__stage2__indobert_base_p2__context_sep_comment__len128__lr3em05__drop0p1__weighted_cross_entropy__ls0p0__seed42,0.95,0.5226593017578125,0.9508700102354145,0.7717976318622174,0.7239940561026453,0.7338792221084954,48,False
single__stage2__indobert_base_p2__context_sep_comment__len128__lr3em05__drop0p1__weighted_cross_entropy__ls0p0__seed42,1.0,0.0,1.0,0.7574206755373593,0.711486727477627,0.7574206755373593,0,False
single__stage2__indobert_base_p2__context_sep_comment__len128__lr3em05__drop0p1__weighted_cross_entropy__ls0p0__seed52,0.9343,0.5294358134269714,0.9344933469805528,0.7897042716319824,0.7469557707342389,0.7379733879222109,64,False
single__stage2__indobert_base_p2__context_sep_comment__len128__lr3em05__drop0p1__weighted_cross_entropy__ls0p0__seed52,0.95,0.5013258457183838,0.9508700102354145,0.7836383207750269,0.7424210337505136,0.7451381780962129,48,False
single__stage2__indobert_base_p2__context_sep_comment__len128__lr3em05__drop0p1__weighted_cross_entropy__ls0p0__seed52,1.0,0.0,1.0,0.7676560900716479,0.7252996804116548,0.7676560900716479,0,False
single__stage2__indobert_base_p2__context_sep_comment__len128__lr3em05__drop0p1__weighted_cross_entropy__ls0p0__seed62,0.9343,0.5447669625282288,0.9344933469805528,0.7951807228915663,0.7417556912983198,0.7430910951893551,64,False
single__stage2__indobert_base_p2__context_sep_comment__len128__lr3em05__drop0p1__weighted_cross_entropy__ls0p0__seed62,0.95,0.5182551145553589,0.9508700102354145,0.7879440258342304,0.7356291396708089,0.7492323439099283,48,False
single__stage2__indobert_base_p2__context_sep_comment__len128__lr3em05__drop0p1__weighted_cross_entropy__ls0p0__seed62,1.0,0.0,1.0,0.7737973387922211,0.7257479829151907,0.7737973387922211,0,False
single__stage2__indobert_base_p2__context_sep_comment__len128__lr3em05__drop0p3__cross_entropy__ls0p0__seed42,0.9343,0.5120049118995667,0.9344933469805528,0.8039430449069004,0.7456414143747878,0.7512794268167861,64,False
single__stage2__indobert_base_p2__context_sep_comment__len128__lr3em05__drop0p3__cross_entropy__ls0p0__seed42,0.95,0.4934565424919128,0.9508700102354145,0.7976318622174381,0.7410559879867039,0.7584442169907881,48,False
single__stage2__indobert_base_p2__context_sep_comment__len128__lr3em05__drop0p3__cross_entropy__ls0p0__seed42,1.0,0.0,1.0,0.7840327533265097,0.7299503367135532,0.7840327533265097,0,False
single__stage2__indobert_base_p2__context_sep_comment__len128__lr3em05__drop0p3__cross_entropy__ls0p0__seed52,0.9343,0.5758936405181885,0.9344933469805528,0.7995618838992333,0.7408986241322392,0.7471852610030706,64,False
single__stage2__indobert_base_p2__context_sep_comment__len128__lr3em05__drop0p3__cross_entropy__ls0p0__seed52,0.95,0.5524703860282898,0.9508700102354145,0.7922497308934338,0.7339271998703367,0.7533265097236438,48,False
single__stage2__indobert_base_p2__context_sep_comment__len128__lr3em05__drop0p3__cross_entropy__ls0p0__seed52,1.0,0.0,1.0,0.77482088024565,0.7205119376034966,0.77482088024565,0,False
single__stage2__indobert_base_p2__context_sep_comment__len128__lr3em05__drop0p3__cross_entropy__ls0p0__seed62,0.9343,0.524918258190155,0.9344933469805528,0.7940854326396495,0.7448743629854543,0.7420675537359263,64,False
single__stage2__indobert_base_p2__context_sep_comment__len128__lr3em05__drop0p3__cross_entropy__ls0p0__seed62,0.95,0.49787238240242,0.9508700102354145,0.7868675995694295,0.738513178923962,0.7482088024564995,48,False
single__stage2__indobert_base_p2__context_sep_comment__len128__lr3em05__drop0p3__cross_entropy__ls0p0__seed62,1.0,0.0,1.0,0.7737973387922211,0.7276222962167141,0.7737973387922211,0,False
seed_prob_average__stage2__indobert_base_p2__comment_only__len128__lr1em05__drop0p2__weighted_cross_entropy__ls0p0,0.9343,0.5021046102046967,0.9344933469805528,0.7940854326396495,0.7456898324540222,0.7420675537359263,64,False
seed_prob_average__stage2__indobert_base_p2__comment_only__len128__lr1em05__drop0p2__weighted_cross_entropy__ls0p0,0.95,0.48769062757492065,0.9508700102354145,0.7868675995694295,0.7377299063528627,0.7482088024564995,48,False
seed_prob_average__stage2__indobert_base_p2__comment_only__len128__lr1em05__drop0p2__weighted_cross_entropy__ls0p0,1.0,0.0,1.0,0.7686796315250768,0.7202276904781009,0.7686796315250768,0,False
seed_majority_vote__stage2__indobert_base_p2__comment_only__len128__lr1em05__drop0p2__weighted_cross_entropy__ls0p0,0.9343,0.6666666666666666,0.9938587512794268,0.7703398558187435,0.7236995974500949,0.7656090071647902,6,False
seed_majority_vote__stage2__indobert_base_p2__comment_only__len128__lr1em05__drop0p2__weighted_cross_entropy__ls0p0,0.95,0.6666666666666666,0.9938587512794268,0.7703398558187435,0.7236995974500949,0.7656090071647902,6,False
seed_majority_vote__stage2__indobert_base_p2__comment_only__len128__lr1em05__drop0p2__weighted_cross_entropy__ls0p0,1.0,0.0,1.0,0.7686796315250768,0.7235641943704261,0.7686796315250768,0,False
seed_prob_average__stage2__indobert_base_p2__comment_only__len128__lr3em05__drop0p1__weighted_cross_entropy__ls0p0,0.9343,0.5500260293483734,0.9344933469805528,0.8105147864184009,0.7587245736724294,0.7574206755373593,64,False
seed_prob_average__stage2__indobert_base_p2__comment_only__len128__lr3em05__drop0p1__weighted_cross_entropy__ls0p0,0.95,0.5305690169334412,0.9508700102354145,0.8019375672766416,0.7504030964000753,0.7625383828045036,48,False
seed_prob_average__stage2__indobert_base_p2__comment_only__len128__lr3em05__drop0p1__weighted_cross_entropy__ls0p0,1.0,0.0,1.0,0.7830092118730808,0.7315115157922092,0.7830092118730808,0,False
seed_majority_vote__stage2__indobert_base_p2__comment_only__len128__lr3em05__drop0p1__weighted_cross_entropy__ls0p0,0.9343,0.6666666666666666,0.9866939611054247,0.7925311203319502,0.7446155619927882,0.781985670419652,13,False
seed_majority_vote__stage2__indobert_base_p2__comment_only__len128__lr3em05__drop0p1__weighted_cross_entropy__ls0p0,0.95,0.6666666666666666,0.9866939611054247,0.7925311203319502,0.7446155619927882,0.781985670419652,13,False
seed_majority_vote__stage2__indobert_base_p2__comment_only__len128__lr3em05__drop0p1__weighted_cross_entropy__ls0p0,1.0,0.0,1.0,0.7840327533265097,0.7358743184489462,0.7840327533265097,0,False
seed_prob_average__stage2__indobert_base_p2__context_sep_comment__len128__lr2em05__drop0p2__cross_entropy__ls0p025,0.9343,0.5335584133863449,0.9344933469805528,0.8072289156626506,0.7564579641668319,0.7543500511770727,64,False
seed_prob_average__stage2__indobert_base_p2__context_sep_comment__len128__lr2em05__drop0p2__cross_entropy__ls0p025,0.95,0.5126095563173294,0.9508700102354145,0.8051668460710442,0.7555967053901161,0.7656090071647902,48,False
seed_prob_average__stage2__indobert_base_p2__context_sep_comment__len128__lr2em05__drop0p2__cross_entropy__ls0p025,1.0,0.0,1.0,0.7840327533265097,0.7360452947912964,0.7840327533265097,0,False
seed_majority_vote__stage2__indobert_base_p2__context_sep_comment__len128__lr2em05__drop0p2__cross_entropy__ls0p025,0.9343,0.6666666666666666,0.9907881269191402,0.7913223140495868,0.7451620402739266,0.7840327533265097,9,False
seed_majority_vote__stage2__indobert_base_p2__context_sep_comment__len128__lr2em05__drop0p2__cross_entropy__ls0p025,0.95,0.6666666666666666,0.9907881269191402,0.7913223140495868,0.7451620402739266,0.7840327533265097,9,False
seed_majority_vote__stage2__indobert_base_p2__context_sep_comment__len128__lr2em05__drop0p2__cross_entropy__ls0p025,1.0,0.0,1.0,0.7850562947799385,0.738586806846126,0.7850562947799385,0,False
seed_prob_average__stage2__indobert_base_p2__context_sep_comment__len128__lr3em05__drop0p1__weighted_cross_entropy__ls0p0,0.9343,0.5237030982971191,0.9344933469805528,0.8083242059145673,0.7617289058407329,0.7553735926305015,64,False
seed_prob_average__stage2__indobert_base_p2__context_sep_comment__len128__lr3em05__drop0p1__weighted_cross_entropy__ls0p0,0.95,0.5105925848086675,0.9508700102354145,0.8008611410118407,0.754983515993941,0.7615148413510747,48,False
seed_prob_average__stage2__indobert_base_p2__context_sep_comment__len128__lr3em05__drop0p1__weighted_cross_entropy__ls0p0,1.0,0.0,1.0,0.7809621289662231,0.7335595781259078,0.7809621289662231,0,False
seed_majority_vote__stage2__indobert_base_p2__context_sep_comment__len128__lr3em05__drop0p1__weighted_cross_entropy__ls0p0,0.9343,0.6666666666666666,0.9866939611054247,0.7894190871369294,0.7459670140994875,0.7789150460593655,13,False
seed_majority_vote__stage2__indobert_base_p2__context_sep_comment__len128__lr3em05__drop0p1__weighted_cross_entropy__ls0p0,0.95,0.6666666666666666,0.9866939611054247,0.7894190871369294,0.7459670140994875,0.7789150460593655,13,False
seed_majority_vote__stage2__indobert_base_p2__context_sep_comment__len128__lr3em05__drop0p1__weighted_cross_entropy__ls0p0,1.0,0.0,1.0,0.7809621289662231,0.7372874831590428,0.7809621289662231,0,False
seed_prob_average__stage2__indobert_base_p2__context_sep_comment__len128__lr3em05__drop0p3__cross_entropy__ls0p0,0.9343,0.5308575530846914,0.9344933469805528,0.8159912376779846,0.7646837060168038,0.7625383828045036,64,False
seed_prob_average__stage2__indobert_base_p2__context_sep_comment__len128__lr3em05__drop0p3__cross_entropy__ls0p0,0.95,0.5109760065873464,0.9508700102354145,0.8127018299246501,0.7637100971481453,0.7727737973387923,48,False
seed_prob_average__stage2__indobert_base_p2__context_sep_comment__len128__lr3em05__drop0p3__cross_entropy__ls0p0,1.0,0.0,1.0,0.789150460593654,0.7376082185611637,0.789150460593654,0,False
seed_majority_vote__stage2__indobert_base_p2__context_sep_comment__len128__lr3em05__drop0p3__cross_entropy__ls0p0,0.9343,0.6666666666666666,0.9877175025588536,0.794818652849741,0.747015615868075,0.7850562947799385,12,False
seed_majority_vote__stage2__indobert_base_p2__context_sep_comment__len128__lr3em05__drop0p3__cross_entropy__ls0p0,0.95,0.6666666666666666,0.9877175025588536,0.794818652849741,0.747015615868075,0.7850562947799385,12,False
seed_majority_vote__stage2__indobert_base_p2__context_sep_comment__len128__lr3em05__drop0p3__cross_entropy__ls0p0,1.0,0.0,1.0,0.7881269191402251,0.7408617843500753,0.7881269191402251,0,False
top2_probability_blend__stage2__indobert_base_p2__context_sep_comment__len128__lr3em05__drop0p3__cross_entropy__ls0p0__PLUS__indobert_base_p2__context_sep_comment__len128__lr2em05__drop0p2__cross_entropy__ls0p025,0.9343,0.5297177831331888,0.9344933469805528,0.8181818181818182,0.7703800492449405,0.7645854657113613,64,False
top2_probability_blend__stage2__indobert_base_p2__context_sep_comment__len128__lr3em05__drop0p3__cross_entropy__ls0p0__PLUS__indobert_base_p2__context_sep_comment__len128__lr2em05__drop0p2__cross_entropy__ls0p025,0.95,0.5050463229417801,0.9508700102354145,0.8094725511302476,0.7607913093926874,0.7697031729785057,48,False
top2_probability_blend__stage2__indobert_base_p2__context_sep_comment__len128__lr3em05__drop0p3__cross_entropy__ls0p0__PLUS__indobert_base_p2__context_sep_comment__len128__lr2em05__drop0p2__cross_entropy__ls0p025,1.0,0.0,1.0,0.7911975435005117,0.7440157075228736,0.7911975435005117,0,False
