input_mode,max_length,learning_rate,classifier_dropout,loss,label_smoothing,warmup_ratio,weight_decay,model_id,trial_id,stage,seed,fold,best_epoch,max_epochs,early_stopping_patience,class_weights_source,class_weights_negative,class_weights_neutral,class_weights_positive,model_revision,training_seconds,n,accuracy,macro_f1,weighted_f1,balanced_accuracy,mcc,min_class_recall,positive_recall,selection_score_raw,selection_score,class_collapse,auto_disqualified,negative_prediction_share,negative_prediction_drift,predicted_negative,predicted_neutral,predicted_positive,ece,brier_score,mean_confidence,negative_precision,negative_recall,negative_f1,negative_support,neutral_precision,neutral_recall,neutral_f1,neutral_support,positive_precision,positive_f1,positive_support
comment_only,128,3e-05,0.1,weighted_cross_entropy,0.0,0.06,0.01,indobenchmark/indobert-base-p2,indobert_base_p2__comment_only__len128__lr3em05__drop0p1__weighted_cross_entropy__ls0p0,stage1,42,ALL_OOF,3,8,2,training_fold_only,1.9233038425445557,0.558697521686554,1.448888897895813,94b4e0a82081fa57f227fcc2024d1ea89b57ac1f,15.02182388305664,977,0.7676560900716479,0.7209773567865442,0.7737573843955694,0.735833884957168,0.6100738337335004,0.6685393258426966,0.7217391304347827,0.696350455879974,0.696350455879974,False,False,0.2262026612077789,0.04401228249744113,221,520,236,0.14594230214429363,0.12920235518080986,0.9092632603803945,0.5384615384615384,0.6685393258426966,0.5964912280701754,178,0.8942307692307693,0.8172231985940246,0.8539944903581267,569,0.7033898305084746,0.7124463519313304,230
comment_only,128,1e-05,0.2,weighted_cross_entropy,0.0,0.06,0.01,indobenchmark/indobert-base-p2,indobert_base_p2__comment_only__len128__lr1em05__drop0p2__weighted_cross_entropy__ls0p0,stage1,42,ALL_OOF,7,8,2,training_fold_only,1.9233038425445557,0.558697521686554,1.448888897895813,94b4e0a82081fa57f227fcc2024d1ea89b57ac1f,20.11317276954651,977,0.7615148413510747,0.7084236447847218,0.7664224295002398,0.7242579693546131,0.6017763203837435,0.5730337078651685,0.7913043478260869,0.6850392195650938,0.6850392195650938,False,False,0.1914022517911975,0.009211873080859773,187,510,280,0.07067628270405954,0.1206853774093823,0.8153085481669056,0.5454545454545454,0.5730337078651685,0.5589041095890411,178,0.9019607843137255,0.8084358523725835,0.8526413345690455,569,0.65,0.7137254901960784,230
context_sep_comment,128,3e-05,0.3,cross_entropy,0.0,0.06,0.01,indobenchmark/indobert-base-p2,indobert_base_p2__context_sep_comment__len128__lr3em05__drop0p3__cross_entropy__ls0p0,stage1,42,ALL_OOF,4,8,2,training_fold_only,1.9233038425445557,0.558697521686554,1.448888897895813,94b4e0a82081fa57f227fcc2024d1ea89b57ac1f,16.197594165802002,977,0.7625383828045036,0.7087530854927738,0.7691613792952823,0.7221700123260382,0.6010331528544736,0.6292134831460674,0.7130434782608696,0.6812943677605614,0.6812943677605614,False,False,0.2210849539406346,0.038894575230296824,216,520,241,0.0604200883860964,0.11636125777997065,0.8119291129656433,0.5185185185185185,0.6292134831460674,0.5685279187817259,178,0.9019230769230769,0.8242530755711776,0.8613406795224977,569,0.6804979253112033,0.6963906581740976,230
context_sep_comment,128,3e-05,0.1,weighted_cross_entropy,0.0,0.06,0.01,indobenchmark/indobert-base-p2,indobert_base_p2__context_sep_comment__len128__lr3em05__drop0p1__weighted_cross_entropy__ls0p0,stage1,42,ALL_OOF,4,8,2,training_fold_only,1.9233038425445557,0.558697521686554,1.448888897895813,94b4e0a82081fa57f227fcc2024d1ea89b57ac1f,16.272813081741333,977,0.7461617195496417,0.698220255797524,0.7561753080197746,0.7188076396824593,0.5840729822911652,0.651685393258427,0.717391304347826,0.677800778962526,0.677800778962526,False,False,0.2436028659160696,0.061412487205731836,238,493,246,0.12192863283894322,0.13310126381679088,0.868090352388585,0.48739495798319327,0.651685393258427,0.5576923076923077,178,0.9087221095334685,0.7873462214411248,0.8436911487758946,569,0.6707317073170732,0.6932773109243697,230
context_sep_comment,128,2e-05,0.2,cross_entropy,0.025,0.06,0.01,indobenchmark/indobert-base-p2,indobert_base_p2__context_sep_comment__len128__lr2em05__drop0p2__cross_entropy__ls0p025,stage1,42,ALL_OOF,6,8,2,training_fold_only,1.9233038425445557,0.558697521686554,1.448888897895813,94b4e0a82081fa57f227fcc2024d1ea89b57ac1f,20.745800256729126,977,0.7635619242579325,0.7046573315033013,0.7660187533322774,0.7090073375271054,0.5917815281915527,0.5842696629213483,0.6956521739130435,0.6664884777576123,0.6664884777576123,False,False,0.1985670419651996,0.016376663254861812,194,553,230,0.08906182353913848,0.11785511955076962,0.8493026686849467,0.5360824742268041,0.5842696629213483,0.5591397849462365,178,0.8716094032549728,0.8471001757469244,0.8591800356506238,569,0.6956521739130435,0.6956521739130435,230
comment_only,128,2e-05,0.3,weighted_cross_entropy,0.025,0.06,0.01,indobenchmark/indobert-base-p2,indobert_base_p2__comment_only__len128__lr2em05__drop0p3__weighted_cross_entropy__ls0p025,stage1,42,ALL_OOF,5,8,2,training_fold_only,1.9233038425445557,0.558697521686554,1.448888897895813,94b4e0a82081fa57f227fcc2024d1ea89b57ac1f,16.849832773208618,977,0.7543500511770727,0.6958533179527654,0.7584239276164608,0.7076788613453783,0.5849778605594435,0.5449438202247191,0.7608695652173914,0.6660841842443259,0.6660841842443259,False,True,0.1883316274309109,0.0061412487205731725,184,523,270,0.05822223071066114,0.12252093631936135,0.8062145170072206,0.5271739130434783,0.5449438202247191,0.5359116022099447,178,0.8891013384321224,0.8172231985940246,0.8516483516483516,569,0.6481481481481481,0.7,230
comment_only,128,2e-05,0.1,focal_loss_gamma_1.0,0.0,0.06,0.01,indobenchmark/indobert-base-p2,indobert_base_p2__comment_only__len128__lr2em05__drop0p1__focal_loss_gamma_1.0__ls0p0,stage1,42,ALL_OOF,5,8,2,training_fold_only,1.9233038425445557,0.558697521686554,1.448888897895813,94b4e0a82081fa57f227fcc2024d1ea89b57ac1f,14.40682053565979,977,0.7523029682702149,0.6983015583929881,0.7568567088954713,0.7064237919151836,0.577330011284754,0.601123595505618,0.6956521739130435,0.6634576640645445,0.6634576640645445,False,False,0.2139201637666325,0.031729785056294785,209,539,229,0.12493410794981427,0.12343823962683968,0.8763081425288073,0.5119617224880383,0.601123595505618,0.5529715762273901,178,0.8682745825602969,0.8224956063268892,0.8447653429602888,569,0.6986899563318777,0.6971677559912854,230
comment_only,128,2e-05,0.1,cross_entropy,0.05,0.06,0.01,indobenchmark/indobert-base-p2,indobert_base_p2__comment_only__len128__lr2em05__drop0p1__cross_entropy__ls0p05,stage1,42,ALL_OOF,6,8,2,training_fold_only,1.9233038425445557,0.558697521686554,1.448888897895813,94b4e0a82081fa57f227fcc2024d1ea89b57ac1f,15.235439538955688,977,0.7533265097236438,0.6973596025880523,0.7568589039420112,0.7035724905265225,0.5765698938725764,0.5898876404494382,0.691304347826087,0.6602135012543439,0.6602135012543439,False,False,0.2067553735926305,0.024564994882292718,202,546,229,0.13357302958303974,0.1255628745003863,0.8867221495390183,0.5198019801980198,0.5898876404494382,0.5526315789473685,178,0.8644688644688645,0.8295254833040422,0.8466367713004485,569,0.6943231441048034,0.6928104575163399,230
comment_only,128,2e-05,0.2,cross_entropy,0.025,0.06,0.01,indobenchmark/indobert-base-p2,indobert_base_p2__comment_only__len128__lr2em05__drop0p2__cross_entropy__ls0p025,stage1,42,ALL_OOF,5,8,2,training_fold_only,1.9233038425445557,0.558697521686554,1.448888897895813,94b4e0a82081fa57f227fcc2024d1ea89b57ac1f,14.834676027297974,977,0.7584442169907881,0.6977461098291791,0.7582695424797994,0.7001341640745355,0.5798394682009114,0.5168539325842697,0.7434782608695653,0.6574032937799987,0.6574032937799987,False,True,0.1750255885363357,0.007164790174002067,171,561,245,0.11889418962668011,0.12296089616097376,0.8720037806607561,0.5380116959064327,0.5168539325842697,0.5272206303724928,178,0.8520499108734403,0.8400702987697716,0.8460176991150442,569,0.6979591836734694,0.72,230
context_sep_comment,128,1e-05,0.1,cross_entropy,0.0,0.06,0.01,indobenchmark/indobert-base-p2,indobert_base_p2__context_sep_comment__len128__lr1em05__drop0p1__cross_entropy__ls0p0,stage1,42,ALL_OOF,5,8,2,training_fold_only,1.9233038425445557,0.558697521686554,1.448888897895813,94b4e0a82081fa57f227fcc2024d1ea89b57ac1f,18.67176580429077,977,0.759467758444217,0.6956584096543529,0.7603638998458176,0.6993997817544299,0.583951933892251,0.5337078651685393,0.717391304347826,0.65622320889259,0.65622320889259,False,True,0.1740020470829068,0.008188331627430906,170,553,254,0.06463948798155224,0.11445001189793047,0.8235754289548985,0.5588235294117647,0.5337078651685393,0.5459770114942529,178,0.8716094032549728,0.8471001757469244,0.8591800356506238,569,0.6496062992125984,0.6818181818181818,230
context_sep_comment,128,2e-05,0.3,weighted_cross_entropy,0.025,0.06,0.01,indobenchmark/indobert-base-p2,indobert_base_p2__context_sep_comment__len128__lr2em05__drop0p3__weighted_cross_entropy__ls0p025,stage1,42,ALL_OOF,5,8,2,training_fold_only,1.9233038425445557,0.558697521686554,1.448888897895813,94b4e0a82081fa57f227fcc2024d1ea89b57ac1f,11.009268760681152,977,0.72978505629478,0.6759192864426881,0.7386766686829371,0.6939924372443821,0.5555966117280344,0.5842696629213483,0.717391304347826,0.6506360293102705,0.6506360293102705,False,False,0.2036847492323439,0.021494370522006145,199,491,287,0.05185745322472486,0.12674372138322343,0.7816425095195048,0.5226130653266332,0.5842696629213483,0.5517241379310345,178,0.9042769857433809,0.7803163444639719,0.8377358490566038,569,0.5749128919860628,0.6382978723404256,230
comment_only,128,1e-05,0.1,cross_entropy,0.0,0.06,0.01,indobenchmark/indobert-base-p2,indobert_base_p2__comment_only__len128__lr1em05__drop0p1__cross_entropy__ls0p0,stage1,42,ALL_OOF,5,8,2,training_fold_only,1.9233038425445557,0.558697521686554,1.448888897895813,94b4e0a82081fa57f227fcc2024d1ea89b57ac1f,14.371092796325684,977,0.7645854657113613,0.698049598257601,0.7620410079948522,0.6933043598459059,0.583544322480957,0.5056179775280899,0.7043478260869566,0.6496062798575978,0.6496062798575978,False,True,0.1699078812691914,0.012282497441146373,166,588,223,0.07277011331418648,0.11517747138388945,0.8373555790255477,0.5421686746987951,0.5056179775280899,0.5232558139534884,178,0.8418367346938775,0.8699472759226714,0.8556611927398444,569,0.726457399103139,0.7152317880794702,230
comment_only,128,2e-05,0.2,focal_loss_gamma_1.5,0.0,0.06,0.01,indobenchmark/indobert-base-p2,indobert_base_p2__comment_only__len128__lr2em05__drop0p2__focal_loss_gamma_1.5__ls0p0,stage1,42,ALL_OOF,6,8,2,training_fold_only,1.9233038425445557,0.558697521686554,1.448888897895813,94b4e0a82081fa57f227fcc2024d1ea89b57ac1f,17.795210123062134,977,0.7574206755373593,0.6884712060345919,0.755136448235263,0.6909972414515476,0.5768364218412988,0.4606741573033708,0.7652173913043478,0.647439300235243,0.647439300235243,False,True,0.1606960081883316,0.021494370522006145,157,565,255,0.07346443479600441,0.11607750479371783,0.8308851103333637,0.5222929936305732,0.4606741573033708,0.48955223880597015,178,0.8530973451327434,0.8471001757469244,0.8500881834215167,569,0.6901960784313725,0.7257731958762886,230
comment_only,128,3e-05,0.3,cross_entropy,0.0,0.06,0.01,indobenchmark/indobert-base-p2,indobert_base_p2__comment_only__len128__lr3em05__drop0p3__cross_entropy__ls0p0,stage1,42,ALL_OOF,4,8,2,training_fold_only,1.9233038425445557,0.558697521686554,1.448888897895813,94b4e0a82081fa57f227fcc2024d1ea89b57ac1f,14.317119598388672,977,0.7523029682702149,0.6898283894953584,0.75312803570279,0.6905416903127986,0.5682484500309986,0.5393258426966292,0.6869565217391305,0.6457726285214738,0.6457726285214738,False,True,0.1893551688843398,0.007164790174002039,185,566,226,0.09457741767747618,0.1227154244342357,0.8468803859476911,0.518918918918919,0.5393258426966292,0.5289256198347108,178,0.8498233215547704,0.8453427065026362,0.8475770925110132,569,0.6991150442477876,0.6929824561403509,230
context_sep_comment,128,1e-05,0.2,weighted_cross_entropy,0.0,0.06,0.01,indobenchmark/indobert-base-p2,indobert_base_p2__context_sep_comment__len128__lr1em05__drop0p2__weighted_cross_entropy__ls0p0,stage1,42,ALL_OOF,5,8,2,training_fold_only,1.9233038425445557,0.558697521686554,1.448888897895813,94b4e0a82081fa57f227fcc2024d1ea89b57ac1f,18.679492235183716,977,0.7205731832139202,0.6692149425928373,0.7309916835238877,0.689923442338782,0.5426304906264519,0.6460674157303371,0.6521739130434783,0.6445793807180245,0.6445793807180245,False,False,0.2374616171954964,0.055271238485158636,232,488,257,0.09496249025163288,0.14207297137937983,0.6901076608694929,0.4956896551724138,0.6460674157303371,0.5609756097560976,178,0.8995901639344263,0.7715289982425307,0.8306527909176916,569,0.5836575875486382,0.6160164271047228,230
comment_only,128,3e-05,0.2,focal_loss_gamma_1.5,0.025,0.06,0.01,indobenchmark/indobert-base-p2,indobert_base_p2__comment_only__len128__lr3em05__drop0p2__focal_loss_gamma_1.5__ls0p025,stage1,42,ALL_OOF,3,8,2,training_fold_only,1.9233038425445557,0.558697521686554,1.448888897895813,94b4e0a82081fa57f227fcc2024d1ea89b57ac1f,15.55839204788208,977,0.7451381780962129,0.6829575622817435,0.7477596139142931,0.6838005179397229,0.5576227185076263,0.5730337078651685,0.6347826086956522,0.6374533942488394,0.6374533942488394,False,False,0.2139201637666325,0.031729785056294785,209,566,202,0.040207358044758064,0.11788968405398853,0.7464318602148562,0.4880382775119617,0.5730337078651685,0.5271317829457365,178,0.8480565371024735,0.843585237258348,0.8458149779735683,569,0.7227722772277227,0.6759259259259259,230
comment_only,128,3e-05,0.3,focal_loss_gamma_2.0,0.025,0.06,0.01,indobenchmark/indobert-base-p2,indobert_base_p2__comment_only__len128__lr3em05__drop0p3__focal_loss_gamma_2.0__ls0p025,stage1,42,ALL_OOF,4,8,2,training_fold_only,1.9233038425445557,0.558697521686554,1.448888897895813,94b4e0a82081fa57f227fcc2024d1ea89b57ac1f,15.66684079170227,977,0.744114636642784,0.6750127983532489,0.7436072997123192,0.6803511160831187,0.5583955043586784,0.4662921348314606,0.7434782608695653,0.6351738148639646,0.6351738148639646,False,True,0.1596724667349027,0.022517911975435012,156,550,271,0.0167116444698986,0.11811539047441218,0.7440218946828813,0.532051282051282,0.46629213483146065,0.49700598802395207,178,0.86,0.8312829525483304,0.8453976764968723,569,0.6309963099630996,0.6826347305389222,230
comment_only,128,1e-05,0.3,focal_loss_gamma_1.0,0.025,0.06,0.01,indobenchmark/indobert-base-p2,indobert_base_p2__comment_only__len128__lr1em05__drop0p3__focal_loss_gamma_1.0__ls0p025,stage1,42,ALL_OOF,7,8,2,training_fold_only,1.9233038425445557,0.558697521686554,1.448888897895813,94b4e0a82081fa57f227fcc2024d1ea89b57ac1f,19.645339965820312,977,0.7482088024564995,0.6684587409079089,0.7438715449601044,0.6672023213132282,0.5564398102484597,0.4325842696629213,0.7043478260869566,0.6197933660246215,0.6197933660246215,False,True,0.1484135107471852,0.03377686796315252,145,580,252,0.022480693297840085,0.11657266860895521,0.7320799032033649,0.5310344827586206,0.43258426966292135,0.47678018575851394,178,0.8482758620689655,0.8646748681898067,0.856396866840731,569,0.6428571428571429,0.6721991701244814,230
context_sep_comment,128,3e-05,0.1,weighted_cross_entropy,0.0,0.06,0.01,indobenchmark/indobert-base-p2,indobert_base_p2__context_sep_comment__len128__lr3em05__drop0p1__weighted_cross_entropy__ls0p0,stage2,52,ALL_OOF,2,12,3,training_fold_only,1.8888888359069824,0.5754231214523315,1.3647469282150269,94b4e0a82081fa57f227fcc2024d1ea89b57ac1f,14.873305797576904,977,0.7676560900716479,0.7252996804116548,0.7736443229759298,0.74362164013864,0.6134625651950949,0.6573033707865169,0.7739130434782608,0.7058070278129597,0.7058070278129597,False,False,0.2190378710337768,0.03684749232343909,214,508,255,0.0846453751670912,0.12285302298081102,0.8437453935736887,0.5467289719626168,0.6573033707865169,0.5969387755102041,178,0.8956692913385826,0.7996485061511424,0.8449396471680595,569,0.6980392156862745,0.734020618556701,230
context_sep_comment,128,2e-05,0.2,cross_entropy,0.025,0.06,0.01,indobenchmark/indobert-base-p2,indobert_base_p2__context_sep_comment__len128__lr2em05__drop0p2__cross_entropy__ls0p025,stage2,42,ALL_OOF,6,12,3,training_fold_only,1.8356807231903076,0.5605734586715698,1.4895237684249878,94b4e0a82081fa57f227fcc2024d1ea89b57ac1f,31.418331384658813,977,0.7830092118730808,0.7327013716441209,0.7860606863949695,0.7416575444826311,0.6293215934666644,0.6292134831460674,0.7521739130434782,0.7037297405229752,0.7037297405229752,False,False,0.195496417604913,0.013306038894575212,191,538,248,0.10825184393319527,0.11562920667500187,0.8867630274659414,0.5863874345549738,0.6292134831460674,0.6070460704607046,178,0.8921933085501859,0.843585237258348,0.8672086720867209,569,0.6975806451612904,0.7238493723849372,230
comment_only,128,3e-05,0.1,weighted_cross_entropy,0.0,0.06,0.01,indobenchmark/indobert-base-p2,indobert_base_p2__comment_only__len128__lr3em05__drop0p1__weighted_cross_entropy__ls0p0,stage2,42,ALL_OOF,4,12,3,training_fold_only,1.8356807231903076,0.5605734586715698,1.4895237684249878,94b4e0a82081fa57f227fcc2024d1ea89b57ac1f,18.37062931060791,977,0.7850562947799385,0.733411953296593,0.78767635175058,0.7406955869234673,0.6311575645165993,0.6123595505617978,0.7608695652173914,0.7029608007180369,0.7029608007180369,False,False,0.195496417604913,0.013306038894575212,191,544,242,0.15216590846939249,0.12218343642708772,0.9303589008115575,0.5706806282722513,0.6123595505617978,0.5907859078590786,178,0.8878676470588235,0.8488576449912126,0.8679245283018868,569,0.7231404958677686,0.7415254237288136,230
context_sep_comment,128,3e-05,0.3,cross_entropy,0.0,0.06,0.01,indobenchmark/indobert-base-p2,indobert_base_p2__context_sep_comment__len128__lr3em05__drop0p3__cross_entropy__ls0p0,stage2,62,ALL_OOF,5,12,3,training_fold_only,1.8888888359069824,0.5642135739326477,1.4322344064712524,94b4e0a82081fa57f227fcc2024d1ea89b57ac1f,26.10249137878418,977,0.7737973387922211,0.7276222962167141,0.7766562298313574,0.7390255475528363,0.6156392973191772,0.5955056179775281,0.8043478260869565,0.7015064265778651,0.7015064265778651,False,False,0.195496417604913,0.013306038894575212,191,531,255,0.10365506106779789,0.12090025144292611,0.8634981714959277,0.5549738219895288,0.5955056179775281,0.5745257452574526,178,0.8757062146892656,0.8172231985940246,0.8454545454545455,569,0.7254901960784313,0.7628865979381443,230
context_sep_comment,128,2e-05,0.2,cross_entropy,0.025,0.06,0.01,indobenchmark/indobert-base-p2,indobert_base_p2__context_sep_comment__len128__lr2em05__drop0p2__cross_entropy__ls0p025,stage2,52,ALL_OOF,4,12,3,training_fold_only,1.8888888359069824,0.5754231214523315,1.3647469282150269,94b4e0a82081fa57f227fcc2024d1ea89b57ac1f,32.261760234832764,977,0.7666325486182191,0.7195982672791819,0.7708558407143733,0.7379552112926772,0.6122839179990998,0.5898876404494382,0.8260869565217391,0.7006752096547384,0.7006752096547384,False,False,0.1903787103377686,0.008188331627430906,186,505,286,0.09354556573816064,0.12115537742518394,0.8534946709169702,0.5645161290322581,0.5898876404494382,0.5769230769230769,178,0.899009900990099,0.7978910369068541,0.845437616387337,569,0.6643356643356644,0.7364341085271318,230
comment_only,128,1e-05,0.2,weighted_cross_entropy,0.0,0.06,0.01,indobenchmark/indobert-base-p2,indobert_base_p2__comment_only__len128__lr1em05__drop0p2__weighted_cross_entropy__ls0p0,stage2,62,ALL_OOF,5,12,3,training_fold_only,1.8888888359069824,0.5642135739326477,1.4322344064712524,94b4e0a82081fa57f227fcc2024d1ea89b57ac1f,33.630287170410156,977,0.7656090071647902,0.7186181167028153,0.771981755959083,0.7360158135027784,0.6098692911418775,0.6292134831460674,0.7739130434782608,0.6975809794565238,0.6975809794565238,False,False,0.2159672466734902,0.03377686796315249,211,508,258,0.0699209961334783,0.11826490783060424,0.8349198396398687,0.5308056872037915,0.6292134831460674,0.5758354755784062,178,0.9015748031496063,0.804920913884007,0.8505106778087279,569,0.689922480620155,0.7295081967213115,230
context_sep_comment,128,3e-05,0.3,cross_entropy,0.0,0.06,0.01,indobenchmark/indobert-base-p2,indobert_base_p2__context_sep_comment__len128__lr3em05__drop0p3__cross_entropy__ls0p0,stage2,42,ALL_OOF,4,12,3,training_fold_only,1.8356807231903076,0.5605734586715698,1.4895237684249878,94b4e0a82081fa57f227fcc2024d1ea89b57ac1f,20.34048867225647,977,0.7840327533265097,0.7299503367135532,0.7857882692961107,0.7353691186238795,0.6277421165497286,0.6067415730337079,0.7434782608695653,0.6968444439649265,0.6968444439649265,False,False,0.1852610030706243,0.0030706243602865724,181,549,247,0.09844172928203948,0.11561409936576968,0.8583398468662797,0.5966850828729282,0.6067415730337079,0.6016713091922006,178,0.8870673952641166,0.8558875219683656,0.8711985688729875,569,0.6923076923076923,0.7169811320754716,230
context_sep_comment,128,3e-05,0.1,weighted_cross_entropy,0.0,0.06,0.01,indobenchmark/indobert-base-p2,indobert_base_p2__context_sep_comment__len128__lr3em05__drop0p1__weighted_cross_entropy__ls0p0,stage2,62,ALL_OOF,4,12,3,training_fold_only,1.8888888359069824,0.5642135739326477,1.4322344064712524,94b4e0a82081fa57f227fcc2024d1ea89b57ac1f,34.81994295120239,977,0.7737973387922211,0.7257479829151907,0.7776859229300209,0.7342348483742765,0.6136229571430418,0.6235955056179775,0.7478260869565218,0.6954116626580473,0.6954116626580473,False,False,0.2098259979529171,0.027635619242579318,205,540,232,0.11529380452181442,0.124328282215542,0.8783080590356945,0.5414634146341464,0.6235955056179775,0.5796344647519582,178,0.8759259259259259,0.8312829525483304,0.8530207394048692,569,0.7413793103448276,0.7445887445887446,230
comment_only,128,1e-05,0.2,weighted_cross_entropy,0.0,0.06,0.01,indobenchmark/indobert-base-p2,indobert_base_p2__comment_only__len128__lr1em05__drop0p2__weighted_cross_entropy__ls0p0,stage2,52,ALL_OOF,6,12,3,training_fold_only,1.8888888359069824,0.5754231214523315,1.3647469282150269,94b4e0a82081fa57f227fcc2024d1ea89b57ac1f,25.745805501937866,977,0.7666325486182191,0.7182856808007392,0.7721155034818217,0.7336045805812956,0.6090112534351546,0.6123595505617978,0.7782608695652173,0.6950192774534381,0.6950192774534381,False,False,0.2098259979529171,0.027635619242579318,205,515,257,0.06763085067089165,0.11671498458036944,0.8206681151595062,0.5317073170731708,0.6123595505617978,0.5691906005221932,178,0.8951456310679612,0.8101933216168717,0.8505535055350554,569,0.6964980544747081,0.7351129363449692,230
comment_only,128,3e-05,0.1,weighted_cross_entropy,0.0,0.06,0.01,indobenchmark/indobert-base-p2,indobert_base_p2__comment_only__len128__lr3em05__drop0p1__weighted_cross_entropy__ls0p0,stage2,62,ALL_OOF,3,12,3,training_fold_only,1.8888888359069824,0.5642135739326477,1.4322344064712524,94b4e0a82081fa57f227fcc2024d1ea89b57ac1f,32.91465640068054,977,0.7697031729785057,0.7171248545998045,0.7742438351012715,0.7319582946624278,0.6135646024063797,0.5786516853932584,0.8,0.6936687045216267,0.6936687045216267,False,False,0.1965199590583418,0.014329580348004078,192,516,269,0.10160343365757096,0.12349824897441286,0.8702274244602773,0.5364583333333334,0.5786516853932584,0.5567567567567567,178,0.9011627906976745,0.8172231985940246,0.8571428571428571,569,0.6840148698884758,0.7374749498997996,230
comment_only,128,1e-05,0.2,weighted_cross_entropy,0.0,0.06,0.01,indobenchmark/indobert-base-p2,indobert_base_p2__comment_only__len128__lr1em05__drop0p2__weighted_cross_entropy__ls0p0,stage2,42,ALL_OOF,5,12,3,training_fold_only,1.8356807231903076,0.5605734586715698,1.4895237684249878,94b4e0a82081fa57f227fcc2024d1ea89b57ac1f,28.63387417793274,977,0.7645854657113613,0.7142913744309093,0.7703957157101335,0.7315861667910145,0.6084543620405598,0.601123595505618,0.7869565217391304,0.6930222402463224,0.6930222402463224,False,False,0.2016376663254862,0.019447287615148412,197,506,274,0.07784261381369897,0.12089742317068725,0.8227890071019668,0.5431472081218274,0.601123595505618,0.5706666666666667,178,0.9071146245059288,0.8066783831282952,0.8539534883720931,569,0.6605839416058394,0.7182539682539683,230
context_sep_comment,128,2e-05,0.2,cross_entropy,0.025,0.06,0.01,indobenchmark/indobert-base-p2,indobert_base_p2__context_sep_comment__len128__lr2em05__drop0p2__cross_entropy__ls0p025,stage2,62,ALL_OOF,6,12,3,training_fold_only,1.8888888359069824,0.5642135739326477,1.4322344064712524,94b4e0a82081fa57f227fcc2024d1ea89b57ac1f,33.11203455924988,977,0.7717502558853634,0.722820318862624,0.7751864020561928,0.7308962291824606,0.6093703508495275,0.6292134831460674,0.7304347826086957,0.6912931483795361,0.6912931483795361,False,False,0.2067553735926305,0.024564994882292718,202,542,233,0.11525587019193134,0.12089363137205288,0.8867156988766689,0.5544554455445545,0.6292134831460674,0.5894736842105263,178,0.8745387453874539,0.8330404217926186,0.8532853285328533,569,0.721030042918455,0.7257019438444925,230
context_sep_comment,128,3e-05,0.3,cross_entropy,0.0,0.06,0.01,indobenchmark/indobert-base-p2,indobert_base_p2__context_sep_comment__len128__lr3em05__drop0p3__cross_entropy__ls0p0,stage2,52,ALL_OOF,5,12,3,training_fold_only,1.8888888359069824,0.5754231214523315,1.3647469282150269,94b4e0a82081fa57f227fcc2024d1ea89b57ac1f,23.114928007125854,977,0.77482088024565,0.7205119376034966,0.7757494619704735,0.728453229596572,0.6138258811260224,0.550561797752809,0.8,0.6899091202205969,0.6899091202205969,False,False,0.1760491299897645,0.0061412487205732,172,542,263,0.11125248353337318,0.11512465367718516,0.8821978616616865,0.5697674418604651,0.550561797752809,0.56,178,0.8763837638376384,0.8347978910369068,0.8550855085508551,569,0.6996197718631179,0.7464503042596349,230
context_sep_comment,128,3e-05,0.1,weighted_cross_entropy,0.0,0.06,0.01,indobenchmark/indobert-base-p2,indobert_base_p2__context_sep_comment__len128__lr3em05__drop0p1__weighted_cross_entropy__ls0p0,stage2,42,ALL_OOF,3,12,3,training_fold_only,1.8356807231903076,0.5605734586715698,1.4895237684249878,94b4e0a82081fa57f227fcc2024d1ea89b57ac1f,13.88405966758728,977,0.7574206755373593,0.711486727477627,0.7629032078173079,0.7256583927384268,0.591625030699412,0.6685393258426966,0.7,0.6844802992102469,0.6844802992102469,False,False,0.2241555783009212,0.041965199590583424,219,523,235,0.10433486845256604,0.12554198440175982,0.860519358543193,0.54337899543379,0.6685393258426966,0.5994962216624685,178,0.8795411089866156,0.8084358523725835,0.8424908424908425,569,0.6851063829787234,0.6924731182795699,230
comment_only,128,3e-05,0.1,weighted_cross_entropy,0.0,0.06,0.01,indobenchmark/indobert-base-p2,indobert_base_p2__comment_only__len128__lr3em05__drop0p1__weighted_cross_entropy__ls0p0,stage2,52,ALL_OOF,4,12,3,training_fold_only,1.8888888359069824,0.5754231214523315,1.3647469282150269,94b4e0a82081fa57f227fcc2024d1ea89b57ac1f,14.273124933242798,977,0.759467758444217,0.7082753647455565,0.763966931951966,0.7222061862573975,0.5954986528436447,0.5842696629213483,0.7739130434782608,0.6823106028887498,0.6823106028887498,False,False,0.1965199590583418,0.014329580348004078,192,518,267,0.14134530974752224,0.1300516538689137,0.9008130681917391,0.5416666666666666,0.5842696629213483,0.5621621621621622,178,0.888030888030888,0.8084358523725835,0.8463661453541859,569,0.6666666666666666,0.716297786720322,230
