seed,fold,row_index,annotation_id,comment_id,final_human_label,cv_group_id
42,1,0,V5D0001,7378281168229483270,Neutral,7378281168229483270
42,1,1,V5D0002,7428465430732063494,Neutral,7428465430732063494
42,1,3,V5D0005,7431462545418732293,Neutral,7431462545418732293
42,1,12,V5D0014,7469753688882676487,Neutral,7469753688882676487
42,1,14,V5D0016,7371856064096404229,Neutral,7371856064096404229
42,1,21,V5D0023,7396971488672334598,Neutral,7396971488672334598
42,1,23,V5D0025,7341658925454639877,Positive,7341658925454639877
42,1,32,V5D0035,7363277976844141318,Neutral,7363277976844141318
42,1,33,V5D0036,7268087108450173701,Positive,7268087108450173701
42,1,35,V5D0038,7389280868278518534,Neutral,7389280868278518534
42,1,39,V5D0042,7422546942758273797,Neutral,7422546942758273797
42,1,50,V5D0053,7354309625463702278,Positive,7354309625463702278
42,1,51,V5D0054,7430708336749921030,Neutral,7430708336749921030
42,1,53,V5D0056,7428793818436403973,Neutral,7428793818436403973
42,1,57,V5D0060,7421232745344631558,Neutral,7421232745344631558
42,1,58,V5D0061,7422641132512019206,Negative,7422641132512019206
42,1,63,V5D0066,7291827364518291296A,Positive,7291827364518291296A
42,1,67,V5D0070,7388449877641118469,Positive,7388449877641118469
42,1,69,V5D0072,7597067551230657298,Negative,7597067551230657298
42,1,70,V5D0073,7286629712545628933,Positive,7286629712545628933
42,1,72,V5D0075,7226177713979540251,Neutral,7226177713979540251
42,1,74,V5D0077,7421913700023452421,Negative,7421913700023452421
42,1,78,V5D0081,7416355159028400901,Neutral,7416355159028400901
42,1,83,V5D0086,7421359329776141062,Positive,7421359329776141062
42,1,84,V5D0087,7428494080936723208,Neutral,7428494080936723208
42,1,87,V5D0090,7225442410770301723,Neutral,7225442410770301723
42,1,90,V5D0093,7313205855935775493,Neutral,7313205855935775493
42,1,96,V5D0099,7499435142189089554,Neutral,7499435142189089554
42,1,97,V5D0100,7312037181693952774,Neutral,7312037181693952774
42,1,98,V5D0101,7287822127722152710,Neutral,7287822127722152710
42,1,99,V5D0102,7282403867173126917,Neutral,7282403867173126917
42,1,104,V5D0107,7402212044461572870,Neutral,7402212044461572870
42,1,110,V5D0113,7262282647929701125,Positive,7262282647929701125
42,1,114,V5D0117,7429583930292650757,Positive,7429583930292650757
42,1,119,V5D0123,7134405182801068827,Neutral,7134405182801068827
42,1,120,V5D0124,7422276782764147461,Negative,7422276782764147461
42,1,129,V5D0133,7614004630998500116,Neutral,7614004630998500116
42,1,131,V5D0135,7456403019271668488,Positive,7456403019271668488
42,1,133,V5D0137,7426041386850337541,Neutral,7426041386850337541
42,1,134,V5D0138,7429237295297889032,Positive,7429237295297889032
42,1,135,V5D0139,7596484652115280661,Negative,7596484652115280661
42,1,136,V5D0141,7389488816266887942,Neutral,7389488816266887942
42,1,138,V5D0143,7182175934395532058,Positive,7182175934395532058
42,1,139,V5D0144,7253468669740024582,Positive,7253468669740024582
42,1,144,V5D0149,7428586108319171348,Neutral,7428586108319171348
42,1,146,V5D0151,7435202005210465079,Positive,7435202005210465079
42,1,151,V5D0156,7428692227004957448,Positive,7428692227004957448
42,1,154,V5D0159,7449888684188992263,Positive,7449888684188992263
42,1,156,V5D0161,7422487958329180934,Neutral,7422487958329180934
42,1,158,V5D0163,7422345438684529414,Neutral,7422345438684529414
42,1,159,V5D0164,7428925775191982854,Neutral,7428925775191982854
42,1,161,V5D0166,7462280135233471239,Neutral,7462280135233471239
42,1,165,V5D0170,7321544623800058630,Positive,7321544623800058630
42,1,168,V5D0174,7421487316415972101,Negative,7421487316415972101
42,1,169,V5D0175,7481651910073647877,Positive,7481651910073647877
42,1,171,V5D0177,7341256392731640582,Neutral,7341256392731640582
42,1,173,V5D0180,7422622090471555846,Negative,7422622090471555846
42,1,178,V5D0185,7188798174281106181,Neutral,7188798174281106181
42,1,179,V5D0186,7421350073168249605,Neutral,7421350073168249605
42,1,180,V5D0187,7536432594940314389,Neutral,7536432594940314389
42,1,186,V5D0194,7428742399616647943,Neutral,7428742399616647943
42,1,187,V5D0195,7440719396559864594,Neutral,7440719396559864594
42,1,189,V5D0197,7421422410724180742,Neutral,7421422410724180742
42,1,190,V5D0198,7363657630299095813,Neutral,7363657630299095813
42,1,192,V5D0200,7337170036774617861,Positive,7337170036774617861
42,1,193,V5D0201,7421892644949426949,Neutral,7421892644949426949
42,1,196,V5D0204,7430828021533639429,Neutral,7430828021533639429
42,1,197,V5D0205,7421856464825254661,Neutral,7421856464825254661
42,1,202,V5D0210,7419238366283645701,Negative,7419238366283645701
42,1,207,V5D0215,7160586074413990658,Neutral,7160586074413990658
42,1,210,V5D0218,7422931902812521222,Negative,7422931902812521222
42,1,211,V5D0219,7422152257032536837,Positive,7422152257032536837
42,1,212,V5D0221,7439315101640901383,Neutral,7439315101640901383
42,1,214,V5D0223,7421370129688806150,Negative,7421370129688806150
42,1,216,V5D0225,7429634134492218118,Neutral,7429634134492218118
42,1,217,V5D0226,7312029508327408389,Neutral,7312029508327408389
42,1,219,V5D0229,7349117635366175494,Neutral,7349117635366175494
42,1,222,V5D0232,7422962768472572677,Positive,7422962768472572677
42,1,231,V5D0242,7431620000517522184,Positive,7431620000517522184
42,1,235,V5D0246,7429710578112873221,Neutral,7429710578112873221
42,1,237,V5D0248,7315742221838844678,Neutral,7315742221838844678
42,1,241,V5D0252,7587057407076057876,Neutral,7587057407076057876
42,1,247,V5D0259,7291827364518291479A,Positive,7291827364518291479A
42,1,251,V5D0264,7428477246225335046,Neutral,7428477246225335046
42,1,254,V5D0267,7430072314844480262,Neutral,7430072314844480262
42,1,255,V5D0268,7357877721735332614,Negative,7357877721735332614
42,1,256,V5D0269,7314544137566978822,Neutral,7314544137566978822
42,1,258,V5D0271,7436906785996423943,Neutral,7436906785996423943
42,1,261,V5D0274,7428602940444066567,Neutral,7428602940444066567
42,1,265,V5D0278,7596250608735290133,Positive,7596250608735290133
42,1,266,V5D0279,7358385241129517825,Neutral,7358385241129517825
42,1,271,V5D0284,7422681512833630982,Negative,7422681512833630982
42,1,273,V5D0286,7450473741806928661,Positive,7450473741806928661
42,1,275,V5D0288,7357764292546462469,Positive,7357764292546462469
42,1,276,V5D0289,7379414727000523525,Neutral,7379414727000523525
42,1,282,V5D0295,7428567760705667846,Negative,7428567760705667846
42,1,284,V5D0297,7429892719764701958,Negative,7429892719764701958
42,1,288,V5D0301,7596262281970762512,Positive,7596262281970762512
42,1,289,V5D0302,7509035578039632648,Neutral,7509035578039632648
42,1,290,V5D0303,7361609549465682695,Neutral,7361609549465682695
42,1,291,V5D0304,7428554548510180102,Positive,7428554548510180102
42,1,293,V5D0306,7359073173918204677,Positive,7359073173918204677
42,1,294,V5D0307,7431363029701460744,Neutral,7431363029701460744
42,1,295,V5D0308,7421571316304036616,Neutral,7421571316304036616
42,1,299,V5D0312,7366996862522147590,Neutral,7366996862522147590
42,1,301,V5D0314,7340544855153935110,Negative,7340544855153935110
42,1,310,V5D0324,7430459356100363014,Negative,7430459356100363014
42,1,318,V5D0332,7428990615768433414,Neutral,7428990615768433414
42,1,319,V5D0333,7358269639912145669,Neutral,7358269639912145669
42,1,320,V5D0334,7490875047200965384,Neutral,7490875047200965384
42,1,324,V5D0338,7375720856712758021,Neutral,7375720856712758021
42,1,335,V5D0350,7586907773637198610,Neutral,7586907773637198610
42,1,339,V5D0354,7209246334254449435,Neutral,7209246334254449435
42,1,341,V5D0356,7359909123755016966,Neutral,7359909123755016966
42,1,344,V5D0359,7506484875252695815,Neutral,7506484875252695815
42,1,346,V5D0361,7292043212242993925,Neutral,7292043212242993925
42,1,348,V5D0363,7315041519958147846,Positive,7315041519958147846
42,1,352,V5D0367,7334535180910199557,Neutral,7334535180910199557
42,1,353,V5D0368,7226279049839117082,Neutral,7226279049839117082
42,1,354,V5D0369,7428462050001371909,Positive,7428462050001371909
42,1,357,V5D0372,7429264999758021381,Neutral,7429264999758021381
42,1,360,V5D0375,7229575712314868507,Positive,7229575712314868507
42,1,364,V5D0379,7421325338586743557,Negative,7421325338586743557
42,1,366,V5D0381,7132746806702703387,Neutral,7132746806702703387
42,1,369,V5D0384,7456999977735488274,Neutral,7456999977735488274
42,1,370,V5D0385,7463686725706531602,Negative,7463686725706531602
42,1,372,V5D0387,7421835504654975749,Negative,7421835504654975749
42,1,380,V5D0395,7471535690979934992,Negative,7471535690979934992
42,1,382,V5D0397,7428760668075819781,Neutral,7428760668075819781
42,1,387,V5D0402,7222050375393510170,Neutral,7222050375393510170
42,1,390,V5D0405,7422838690961523461,Negative,7422838690961523461
42,1,392,V5D0407,7422859898281607941,Negative,7422859898281607941
42,1,396,V5D0411,7461902917785371410,Neutral,7461902917785371410
42,1,400,V5D0415,7431134095440331527,Neutral,7431134095440331527
42,1,402,V5D0417,7421204986246136581,Negative,7421204986246136581
42,1,404,V5D0419,7428625064844100359,Neutral,7428625064844100359
42,1,406,V5D0421,7319819310787527430,Neutral,7319819310787527430
42,1,407,V5D0422,7392560185485017862,Neutral,7392560185485017862
42,1,409,V5D0424,7404723556577592069,Negative,7404723556577592069
42,1,416,V5D0431,7130820699131953946,Neutral,7130820699131953946
42,1,417,V5D0432,7429220550487261957,Neutral,7429220550487261957
42,1,425,V5D0440,7425391042750579461,Neutral,7425391042750579461
42,1,429,V5D0444,7421465379132048134,Negative,7421465379132048134
42,1,437,V5D0452,7285352804154655493,Neutral,7285352804154655493
42,1,438,V5D0453,7429134521465127681,Neutral,7429134521465127681
42,1,444,V5D0460,7364426048546652934,Negative,7364426048546652934
42,1,446,V5D0462,7223215241575465754,Neutral,7223215241575465754
42,1,447,V5D0463,7421769292679299845,Negative,7421769292679299845
42,1,448,V5D0464,7289462114761655045,Positive,7289462114761655045
42,1,451,V5D0467,7306805076331676421,Positive,7306805076331676421
42,1,453,V5D0469,7422893085237199637,Neutral,7422893085237199637
42,1,454,V5D0470,7422072997354570502,Neutral,7422072997354570502
42,1,457,V5D0473,7350084651250238214,Negative,7350084651250238214
42,1,458,V5D0474,7331265862643942150,Negative,7331265862643942150
42,1,462,V5D0478,7423827689792357125,Negative,7423827689792357125
42,1,466,V5D0482,7355756025897403142,Neutral,7355756025897403142
42,1,471,V5D0487,7429739557694456594,Neutral,7429739557694456594
42,1,473,V5D0489,7455502183196099336,Neutral,7455502183196099336
42,1,477,V5D0493,7428440682564649734,Neutral,7428440682564649734
42,1,478,V5D0494,7369301233809736454,Positive,7369301233809736454
42,1,481,V5D0497,7428507573353071365,Neutral,7428507573353071365
42,1,483,V5D0499,7523861564434498324,Positive,7523861564434498324
42,1,484,V5D0500,7596247319642014472,Positive,7596247319642014472
42,1,489,V5D0505,7146537155904553754,Neutral,7146537155904553754
42,1,500,V5D0516,7421735224298963718,Neutral,7421735224298963718
42,1,503,V5D0519,7366194387636093701,Neutral,7366194387636093701
42,1,506,V5D0522,7428648736677102354,Neutral,7428648736677102354
42,1,507,V5D0523,7439279057675731713,Neutral,7439279057675731713
42,1,511,V5D0527,7429132393128723208,Positive,7429132393128723208
42,1,517,V5D0533,7394380256469533445,Neutral,7394380256469533445
42,1,518,V5D0534,7317327682290139910,Neutral,7317327682290139910
42,1,524,V5D0540,7421808832056689414,Positive,7421808832056689414
42,1,526,V5D0542,7422243712498025221,Negative,7422243712498025221
42,1,530,V5D0546,7420113438171972358,Negative,7420113438171972358
42,1,533,V5D0549,7291827364518291656A,Positive,7291827364518291656A
42,1,534,V5D0550,7225395086561313563,Neutral,7225395086561313563
42,1,538,V5D0554,7359973079684629254,Neutral,7359973079684629254
42,1,539,V5D0555,7421286980628873989,Positive,7421286980628873989
42,1,543,V5D0559,7428454859407491846,Neutral,7428454859407491846
42,1,545,V5D0561,7421751589221991174,Negative,7421751589221991174
42,1,548,V5D0564,7357943153619845893,Neutral,7357943153619845893
42,1,549,V5D0565,7422176302756741893,Negative,7422176302756741893
42,1,550,V5D0566,7211545502368858907,Neutral,7211545502368858907
42,1,551,V5D0567,7432452091073233681,Neutral,7432452091073233681
42,1,556,V5D0572,7228961271960781595,Neutral,7228961271960781595
42,1,558,V5D0574,7428795241626338055,Neutral,7428795241626338055
42,1,560,V5D0576,7398907208283456262,Positive,7398907208283456262
42,1,561,V5D0577,7202375042428584731,Neutral,7202375042428584731
42,1,565,V5D0581,7430093962310025992,Neutral,7430093962310025992
42,1,567,V5D0583,7555401745272685320,Neutral,7555401745272685320
42,1,571,V5D0587,7597968915114083088,Negative,7597968915114083088
42,1,572,V5D0588,7314133522335466245,Positive,7314133522335466245
42,1,577,V5D0593,7365294038922806021,Neutral,7365294038922806021
42,1,578,V5D0594,7421530196806828806,Positive,7421530196806828806
42,1,579,V5D0595,7423160710555779846,Negative,7423160710555779846
42,1,589,V5D0605,7428558838905684737,Neutral,7428558838905684737
42,1,590,V5D0606,7257155956555252486,Neutral,7257155956555252486
42,1,592,V5D0608,7312225890799239937,Positive,7312225890799239937
42,1,596,V5D0612,7381056111942075142,Neutral,7381056111942075142
42,1,598,V5D0614,7391751250373198598,Neutral,7391751250373198598
42,1,599,V5D0615,7596241404831089415,Positive,7596241404831089415
42,1,600,V5D0616,7421433928169325317,Negative,7421433928169325317
42,1,601,V5D0617,7422095239567213317,Negative,7422095239567213317
42,1,603,V5D0619,7312099945456288517,Neutral,7312099945456288517
42,1,604,V5D0620,7421707888513811206,Negative,7421707888513811206
42,1,605,V5D0621,7428539140306748165,Positive,7428539140306748165
42,1,608,V5D0624,7252196305668440838,Neutral,7252196305668440838
42,1,609,V5D0625,7398108371004113682,Neutral,7398108371004113682
42,1,611,V5D0627,7306837881149981445,Neutral,7306837881149981445
42,1,615,V5D0631,7429344744281719558,Neutral,7429344744281719558
42,1,617,V5D0635,7421558771988595461,Negative,7421558771988595461
42,1,619,V5D0637,7433977626526368519,Neutral,7433977626526368519
42,1,631,V5D0649,7422709086627791621,Positive,7422709086627791621
42,1,632,V5D0650,7580165088302105351,Neutral,7580165088302105351
42,1,634,V5D0652,7185942225934746395,Positive,7185942225934746395
42,1,636,V5D0654,7386963857154065158,Neutral,7386963857154065158
42,1,640,V5D0658,7428853330980291333,Neutral,7428853330980291333
42,1,642,V5D0660,7596247980975817490,Positive,7596247980975817490
42,1,648,V5D0666,7421326899676644102,Negative,7421326899676644102
42,1,651,V5D0669,7421865431479468806,Negative,7421865431479468806
42,1,652,V5D0670,7145296108637913882,Neutral,7145296108637913882
42,1,659,V5D0677,7428575491026060040,Neutral,7428575491026060040
42,1,662,V5D0680,7312274471740654342,Neutral,7312274471740654342
42,1,665,V5D0683,7226656761787335450,Neutral,7226656761787335450
42,1,676,V5D0695,7239147102642651909,Positive,7239147102642651909
42,1,680,V5D0699,7603356104772698901,Neutral,7603356104772698901
42,1,684,V5D0703,7422820600689738501,Negative,7422820600689738501
42,1,687,V5D0706,7425891960679826181,Positive,7425891960679826181
42,1,694,V5D0713,7362760730779616005,Neutral,7362760730779616005
42,1,698,V5D0718,7323471158598550278,Neutral,7323471158598550278
42,1,712,V5D0733,7246394430667162373,Neutral,7246394430667162373
42,1,716,V5D0737,7621513144074437383,Neutral,7621513144074437383
42,1,727,V5D0749,7227789969930421019,Neutral,7227789969930421019
42,1,731,V5D0753,7388779504784917253,Neutral,7388779504784917253
42,1,733,V5D0755,7596364453017748231,Negative,7596364453017748231
42,1,737,V5D0759,7627431540138132231,Neutral,7627431540138132231
42,1,738,V5D0760,7231724922862781211,Neutral,7231724922862781211
42,1,744,V5D0766,7421190839814898437,Neutral,7421190839814898437
42,1,746,V5D0768,7418877886965138182,Positive,7418877886965138182
42,1,747,V5D0769,7428785012152075013,Neutral,7428785012152075013
42,1,749,V5D0771,7428442872905040646,Neutral,7428442872905040646
42,1,750,V5D0772,7427340457074475782,Neutral,7427340457074475782
42,1,753,V5D0775,7421713253213389573,Negative,7421713253213389573
42,1,754,V5D0776,7428640556832146182,Neutral,7428640556832146182
42,1,755,V5D0777,7429150718055793424,Neutral,7429150718055793424
42,1,760,V5D0782,7328985877346534149,Neutral,7328985877346534149
42,1,761,V5D0783,7402388015852929798,Positive,7402388015852929798
42,1,762,V5D0784,7424318706023940869,Neutral,7424318706023940869
42,1,763,V5D0785,7384477292082922246,Neutral,7384477292082922246
42,1,766,V5D0788,7430421378194653957,Neutral,7430421378194653957
42,1,770,V5D0792,7273877845063402246,Neutral,7273877845063402246
42,1,774,V5D0796,7421731352520229637,Negative,7421731352520229637
42,1,778,V5D0800,7378082439157449488,Positive,7378082439157449488
42,1,780,V5D0802,7596544156719842056,Neutral,7596544156719842056
42,1,781,V5D0803,7381301609462219526,Positive,7381301609462219526
42,1,787,V5D0809,7442583122065736469,Neutral,7442583122065736469
42,1,788,V5D0810,7428446958446019335,Neutral,7428446958446019335
42,1,790,V5D0812,7428562102396338949,Neutral,7428562102396338949
42,1,792,V5D0814,7148025327086977818,Positive,7148025327086977818
42,1,794,V5D0816,7434739306382263047,Neutral,7434739306382263047
42,1,797,V5D0819,7421874566928663302,Negative,7421874566928663302
42,1,799,V5D0821,7589854515161137927,Neutral,7589854515161137927
42,1,800,V5D0822,7443242358738830098,Neutral,7443242358738830098
42,1,803,V5D0825,7210566646146466586,Neutral,7210566646146466586
42,1,804,V5D0826,7439420525141328647,Positive,7439420525141328647
42,1,807,V5D0829,7345325089178927878,Positive,7345325089178927878
42,1,808,V5D0830,7373924788002226950,Neutral,7373924788002226950
42,1,809,V5D0831,7380289757048718085,Negative,7380289757048718085
42,1,812,V5D0834,7448086059635180306,Neutral,7448086059635180306
42,1,814,V5D0836,7429330150351651589,Neutral,7429330150351651589
42,1,815,V5D0837,7433521882638631696,Neutral,7433521882638631696
42,1,821,V5D0843,7431898865710334741,Neutral,7431898865710334741
42,1,839,V5D0861,7545445112887001874,Neutral,7545445112887001874
42,1,843,V5D0866,7431160665194414853,Positive,7431160665194414853
42,1,847,V5D0870,7214734706151244570,Neutral,7214734706151244570
42,1,849,V5D0872,7422817015612637958,Neutral,7422817015612637958
42,1,851,V5D0874,7428463702829384455,Neutral,7428463702829384455
42,1,854,V5D0877,7529234924025905940,Positive,7529234924025905940
42,1,856,V5D0879,7428551155473859333,Neutral,7428551155473859333
42,1,858,V5D0881,7341065217499218694,Positive,7341065217499218694
42,1,860,V5D0883,7429283354283705096,Neutral,7429283354283705096
42,1,861,V5D0884,7458185770361537286,Neutral,7458185770361537286
42,1,864,V5D0887,7358640831698813701,Neutral,7358640831698813701
42,1,867,V5D0890,7360287133611934469,Negative,7360287133611934469
42,1,869,V5D0892,7532542644297024272,Negative,7532542644297024272
42,1,871,V5D0894,7421219264373392133,Neutral,7421219264373392133
42,1,874,V5D0897,7428543715701408518,Negative,7428543715701408518
42,1,876,V5D0899,7429183390959043333,Negative,7429183390959043333
42,1,880,V5D0903,7596590847011128084,Negative,7596590847011128084
42,1,881,V5D0904,7378711054807040774,Negative,7378711054807040774
42,1,887,V5D0910,7325026830090617605,Neutral,7325026830090617605
42,1,894,V5D0917,7476722075688977158,Negative,7476722075688977158
42,1,895,V5D0918,7430740552104084240,Neutral,7430740552104084240
42,1,896,V5D0919,7430264576795198225,Neutral,7430264576795198225
42,1,905,V5D0928,7428458533399708422,Positive,7428458533399708422
42,1,906,V5D0929,7316772918313124613,Neutral,7316772918313124613
42,1,907,V5D0930,7205974000392389403,Positive,7205974000392389403
42,1,908,V5D0931,7388527177245541125,Neutral,7388527177245541125
42,1,910,V5D0933,7596272316439675666,Neutral,7596272316439675666
42,1,911,V5D0934,7219231318407791386,Neutral,7219231318407791386
42,1,912,V5D0935,7421416306853610258,Negative,7421416306853610258
42,1,913,V5D0936,7428474331259683602,Neutral,7428474331259683602
42,1,914,V5D0937,7330586626681471749,Positive,7330586626681471749
42,1,916,V5D0939,7421407663404352261,Negative,7421407663404352261
42,1,923,V5D0947,7357883991233774341,Negative,7357883991233774341
42,1,924,V5D0948,7419559990623453957,Neutral,7419559990623453957
42,1,925,V5D0949,7424421045639791366,Positive,7424421045639791366
42,1,926,V5D0950,7352455008632718086,Neutral,7352455008632718086
42,1,928,V5D0952,7213003912172028699,Neutral,7213003912172028699
42,1,930,V5D0954,7422890561911210757,Negative,7422890561911210757
42,1,931,V5D0955,7224461656032985882,Positive,7224461656032985882
42,1,934,V5D0958,7333246078068818695,Neutral,7333246078068818695
42,1,935,V5D0959,7429999874567357189,Neutral,7429999874567357189
42,1,938,V5D0962,7364750970843202309,Positive,7364750970843202309
42,1,940,V5D0964,7403332791587783425,Positive,7403332791587783425
42,1,942,V5D0966,7327940817191027461,Neutral,7327940817191027461
42,1,943,V5D0967,7445571486331044613,Neutral,7445571486331044613
42,1,945,V5D0969,7428525726812979973,Positive,7428525726812979973
42,1,947,V5D0971,7188487048394523418,Positive,7188487048394523418
42,1,949,V5D0973,7421926983472562949,Positive,7421926983472562949
42,1,952,V5D0976,7198752630121136922,Neutral,7198752630121136922
42,1,959,V5D0983,7310095696719659781,Neutral,7310095696719659781
42,1,960,V5D0984,7421180385516061446,Negative,7421180385516061446
42,1,961,V5D0985,4624523847139417318,Positive,4624523847139417318
42,1,970,V5D0994,7329005428522763013,Neutral,7329005428522763013
42,1,973,V5D0997,7406272346392544006,Neutral,7406272346392544006
42,2,6,V5D0008,7404712765484532486,Neutral,7404712765484532486
42,2,7,V5D0009,7211544143301051162,Positive,7211544143301051162
42,2,8,V5D0010,7428466461372842770,Neutral,7428466461372842770
42,2,9,V5D0011,7374193529352684293,Neutral,7374193529352684293
42,2,10,V5D0012,7422628136745714437,Negative,7422628136745714437
42,2,16,V5D0018,7354423016614855429,Negative,7354423016614855429
42,2,22,V5D0024,7429265665872511764,Neutral,7429265665872511764
42,2,25,V5D0028,7388535550314382086,Neutral,7388535550314382086
42,2,26,V5D0029,7424332661257552645,Neutral,7424332661257552645
42,2,27,V5D0030,7598017188595843847,Positive,7598017188595843847
42,2,28,V5D0031,7431368899185083144,Neutral,7431368899185083144
42,2,31,V5D0034,7222643640995676955,Neutral,7222643640995676955
42,2,34,V5D0037,7316417871726691077,Neutral,7316417871726691077
42,2,36,V5D0039,7428467843191177990,Neutral,7428467843191177990
42,2,40,V5D0043,7233947484875211546,Neutral,7233947484875211546
42,2,43,V5D0046,7263047975642071813,Neutral,7263047975642071813
42,2,44,V5D0047,7421448432185918213,Negative,7421448432185918213
42,2,45,V5D0048,7421841447160529670,Negative,7421841447160529670
42,2,46,V5D0049,7431783760650437396,Neutral,7431783760650437396
42,2,47,V5D0050,7421243631548285701,Neutral,7421243631548285701
42,2,49,V5D0052,7428444676753392389,Neutral,7428444676753392389
42,2,52,V5D0055,7226164707778413338,Neutral,7226164707778413338
42,2,55,V5D0058,7378504446278337285,Positive,7378504446278337285
42,2,59,V5D0062,7429369065124758278,Positive,7429369065124758278
42,2,61,V5D0064,7349799428226417413,Negative,7349799428226417413
42,2,62,V5D0065,7596245886977999633,Positive,7596245886977999633
42,2,68,V5D0071,7431231439754576645,Positive,7431231439754576645
42,2,73,V5D0076,7255305345508934406,Neutral,7255305345508934406
42,2,75,V5D0078,7428587122002936593,Positive,7428587122002936593
42,2,76,V5D0079,7313184182673343238,Neutral,7313184182673343238
42,2,79,V5D0082,7406690914268185349,Neutral,7406690914268185349
42,2,82,V5D0085,7442710503598801720,Neutral,7442710503598801720
42,2,85,V5D0088,7284619372399919878,Neutral,7284619372399919878
42,2,86,V5D0089,7421368276100121350,Negative,7421368276100121350
42,2,88,V5D0091,7384456174630765318,Neutral,7384456174630765318
42,2,89,V5D0092,7381094718857544453,Positive,7381094718857544453
42,2,92,V5D0095,7429283486462903057,Neutral,7429283486462903057
42,2,95,V5D0098,7596248191809864469,Negative,7596248191809864469
42,2,100,V5D0103,7586997153370850069,Neutral,7586997153370850069
42,2,103,V5D0106,7329504634706526981,Neutral,7329504634706526981
42,2,107,V5D0110,7205521440455410459,Neutral,7205521440455410459
42,2,109,V5D0112,7329005283437478661,Neutral,7329005283437478661
42,2,111,V5D0114,7289031409960256261,Neutral,7289031409960256261
42,2,115,V5D0118,7425727365714477829,Positive,7425727365714477829
42,2,117,V5D0121,7421448378847724294,Positive,7421448378847724294
42,2,121,V5D0125,7434027957185839877,Neutral,7434027957185839877
42,2,122,V5D0126,7276968479436079877,Neutral,7276968479436079877
42,2,123,V5D0127,7428550132184679175,Neutral,7428550132184679175
42,2,124,V5D0128,7223506286888960794,Neutral,7223506286888960794
42,2,127,V5D0131,7215072077446169370,Positive,7215072077446169370
42,2,128,V5D0132,7363606454690038533,Neutral,7363606454690038533
42,2,130,V5D0134,7425926701983548165,Neutral,7425926701983548165
42,2,132,V5D0136,7380998547795247877,Negative,7380998547795247877
42,2,143,V5D0148,7398393910903128837,Neutral,7398393910903128837
42,2,145,V5D0150,7428464044477432582,Negative,7428464044477432582
42,2,150,V5D0155,7428456495719678726,Neutral,7428456495719678726
42,2,152,V5D0157,7252511473133617925,Neutral,7252511473133617925
42,2,155,V5D0160,7224547619275162395,Neutral,7224547619275162395
42,2,163,V5D0168,7428550685057123077,Neutral,7428550685057123077
42,2,164,V5D0169,7385503227850556166,Neutral,7385503227850556166
42,2,166,V5D0171,7436925306126566145,Neutral,7436925306126566145
42,2,175,V5D0182,7362870777459720966,Positive,7362870777459720966
42,2,182,V5D0189,7359471486618305285,Neutral,7359471486618305285
42,2,183,V5D0190,7596978948186489621,Neutral,7596978948186489621
42,2,191,V5D0199,7396330329806455557,Neutral,7396330329806455557
42,2,195,V5D0203,7135044523643126555,Neutral,7135044523643126555
42,2,198,V5D0206,7421714688328041221,Positive,7421714688328041221
42,2,200,V5D0208,7422840491575608069,Negative,7422840491575608069
42,2,201,V5D0209,7341001517657359109,Negative,7341001517657359109
42,2,204,V5D0212,7429782663776731910,Neutral,7429782663776731910
42,2,205,V5D0213,7422146394260390662,Negative,7422146394260390662
42,2,206,V5D0214,7404388439568728838,Negative,7404388439568728838
42,2,215,V5D0224,7421545619625476870,Negative,7421545619625476870
42,2,218,V5D0228,7421183085544915717,Negative,7421183085544915717
42,2,226,V5D0236,7422091652397007621,Neutral,7422091652397007621
42,2,227,V5D0237,7357854087687717638,Neutral,7357854087687717638
42,2,228,V5D0238,7310495560182956805,Negative,7310495560182956805
42,2,229,V5D0239,7535443005458088722,Neutral,7535443005458088722
42,2,230,V5D0241,7428492089111347976,Neutral,7428492089111347976
42,2,232,V5D0243,7472240111187837716,Neutral,7472240111187837716
42,2,233,V5D0244,7421426517073691397,Positive,7421426517073691397
42,2,246,V5D0258,7364152118561768198,Positive,7364152118561768198
42,2,248,V5D0260,7428441322275898117,Positive,7428441322275898117
42,2,249,V5D0261,7523851505490690823,Positive,7523851505490690823
42,2,257,V5D0270,7146460595809944347,Positive,7146460595809944347
42,2,260,V5D0273,7429975265041810182,Neutral,7429975265041810182
42,2,263,V5D0276,7624166199757030164,Positive,7624166199757030164
42,2,264,V5D0277,7491870546584781576,Neutral,7491870546584781576
42,2,267,V5D0280,7226259967468012315,Neutral,7226259967468012315
42,2,269,V5D0282,7320859902308631302,Neutral,7320859902308631302
42,2,279,V5D0292,7421919025287938821,Neutral,7421919025287938821
42,2,281,V5D0294,7447042709238711060,Neutral,7447042709238711060
42,2,285,V5D0298,7350134246336709382,Neutral,7350134246336709382
42,2,287,V5D0300,7357966488806163205,Positive,7357966488806163205
42,2,292,V5D0305,7188648225750090522,Neutral,7188648225750090522
42,2,296,V5D0309,7430289813422686983,Positive,7430289813422686983
42,2,297,V5D0310,7428660801815036677,Neutral,7428660801815036677
42,2,298,V5D0311,7421196085283193605,Negative,7421196085283193605
42,2,302,V5D0315,7422657796011606789,Neutral,7422657796011606789
42,2,304,V5D0317,7430110365348201221,Neutral,7430110365348201221
42,2,307,V5D0320,7421868886453371654,Negative,7421868886453371654
42,2,308,V5D0322,7428559862740189958,Neutral,7428559862740189958
42,2,309,V5D0323,7436013793740260103,Positive,7436013793740260103
42,2,313,V5D0327,7163286735940928282,Neutral,7163286735940928282
42,2,314,V5D0328,7132812502883173146,Neutral,7132812502883173146
42,2,316,V5D0330,7226860139013751578,Neutral,7226860139013751578
42,2,323,V5D0337,7421353330138350341,Neutral,7421353330138350341
42,2,327,V5D0341,7391505530118406917,Positive,7391505530118406917
42,2,331,V5D0345,7429599501210665748,Negative,7429599501210665748
42,2,332,V5D0347,7436002969713427201,Neutral,7436002969713427201
42,2,333,V5D0348,7430017472550699781,Neutral,7430017472550699781
42,2,334,V5D0349,7536696763191149333,Positive,7536696763191149333
42,2,336,V5D0351,7317303966168597254,Neutral,7317303966168597254
42,2,338,V5D0353,7353145256851997445,Neutral,7353145256851997445
42,2,340,V5D0355,7421206731243619077,Negative,7421206731243619077
42,2,345,V5D0360,7466218885093819154,Negative,7466218885093819154
42,2,349,V5D0364,7429725517186777861,Neutral,7429725517186777861
42,2,350,V5D0365,7389825787040301830,Neutral,7389825787040301830
42,2,351,V5D0366,7596542376719434504,Negative,7596542376719434504
42,2,355,V5D0370,7596258563522822929,Positive,7596258563522822929
42,2,356,V5D0371,7422951482696336133,Negative,7422951482696336133
42,2,361,V5D0376,7149873475649012506,Negative,7149873475649012506
42,2,362,V5D0377,7432275971157934853,Negative,7432275971157934853
42,2,368,V5D0383,7129780359894041371,Neutral,7129780359894041371
42,2,371,V5D0386,7281926255611265797,Neutral,7281926255611265797
42,2,374,V5D0389,7428607378641994501,Positive,7428607378641994501
42,2,375,V5D0390,7428721627371848453,Neutral,7428721627371848453
42,2,377,V5D0392,7433696396286722823,Positive,7433696396286722823
42,2,378,V5D0393,7449831994965869330,Neutral,7449831994965869330
42,2,379,V5D0394,7421302351811658502,Negative,7421302351811658502
42,2,381,V5D0396,7429220739784426258,Neutral,7429220739784426258
42,2,383,V5D0398,7596488364121129749,Negative,7596488364121129749
42,2,385,V5D0400,7208468520174600986,Positive,7208468520174600986
42,2,386,V5D0401,7421331163879572230,Neutral,7421331163879572230
42,2,389,V5D0404,7428554718538269461,Neutral,7428554718538269461
42,2,391,V5D0406,7606575223073391368,Neutral,7606575223073391368
42,2,393,V5D0408,7421731370269770502,Negative,7421731370269770502
42,2,395,V5D0410,7461956409942721288,Positive,7461956409942721288
42,2,401,V5D0416,7423225002176545541,Positive,7423225002176545541
42,2,412,V5D0427,7596412635395441415,Neutral,7596412635395441415
42,2,414,V5D0429,7430740592614114055,Neutral,7430740592614114055
42,2,415,V5D0430,7360987376292676358,Positive,7360987376292676358
42,2,418,V5D0433,7428459955710395142,Neutral,7428459955710395142
42,2,419,V5D0434,7377329573119197958,Neutral,7377329573119197958
42,2,420,V5D0435,7365389040390456069,Negative,7365389040390456069
42,2,422,V5D0437,7421760941856916229,Negative,7421760941856916229
42,2,423,V5D0438,7596264402303664904,Positive,7596264402303664904
42,2,424,V5D0439,7431010452530463494,Neutral,7431010452530463494
42,2,426,V5D0441,7429189638557827857,Neutral,7429189638557827857
42,2,428,V5D0443,7315340229861769989,Neutral,7315340229861769989
42,2,441,V5D0457,7428527236854498053,Neutral,7428527236854498053
42,2,442,V5D0458,7428562727986021125,Neutral,7428562727986021125
42,2,443,V5D0459,7388047254906667782,Neutral,7388047254906667782
42,2,445,V5D0461,7421790555249705733,Positive,7421790555249705733
42,2,449,V5D0465,7421421131553850118,Positive,7421421131553850118
42,2,450,V5D0466,7291827364518291762A,Positive,7291827364518291762A
42,2,456,V5D0472,7286007396114973446,Neutral,7286007396114973446
42,2,460,V5D0476,7440702612322779921,Neutral,7440702612322779921
42,2,461,V5D0477,7341175872806929157,Neutral,7341175872806929157
42,2,464,V5D0480,7357905077607449350,Negative,7357905077607449350
42,2,465,V5D0481,7366508638305846022,Neutral,7366508638305846022
42,2,467,V5D0483,7432249056577356551,Neutral,7432249056577356551
42,2,468,V5D0484,7337149380291773190,Negative,7337149380291773190
42,2,476,V5D0492,7186112718947435291,Neutral,7186112718947435291
42,2,479,V5D0495,7507916895397266196,Neutral,7507916895397266196
42,2,480,V5D0496,7358173107779863301,Negative,7358173107779863301
42,2,485,V5D0501,7368835636738622214,Neutral,7368835636738622214
42,2,487,V5D0503,7317493942403531525,Neutral,7317493942403531525
42,2,488,V5D0504,7421698778862502662,Neutral,7421698778862502662
42,2,493,V5D0509,7228911733023539995,Neutral,7228911733023539995
42,2,494,V5D0510,7421785675832640262,Negative,7421785675832640262
42,2,497,V5D0513,7586901112847811346,Neutral,7586901112847811346
42,2,498,V5D0514,7421581300744471314,Positive,7421581300744471314
42,2,499,V5D0515,7212407412711162650,Neutral,7212407412711162650
42,2,501,V5D0517,7327197165993001734,Neutral,7327197165993001734
42,2,502,V5D0518,7241087585115898629,Positive,7241087585115898629
42,2,505,V5D0521,7367333860603970309,Positive,7367333860603970309
42,2,513,V5D0529,7619015755362976530,Positive,7619015755362976530
42,2,516,V5D0532,7221876623283618587,Neutral,7221876623283618587
42,2,519,V5D0535,7429711486278255368,Positive,7429711486278255368
42,2,520,V5D0536,7429050022912705286,Positive,7429050022912705286
42,2,522,V5D0538,7477196261969904391,Neutral,7477196261969904391
42,2,527,V5D0543,7428765866349576965,Neutral,7428765866349576965
42,2,528,V5D0544,7260757117660218118,Neutral,7260757117660218118
42,2,529,V5D0545,7312267949943227141,Neutral,7312267949943227141
42,2,531,V5D0547,7291827364518291142A,Positive,7291827364518291142A
42,2,532,V5D0548,7576331756246713095,Neutral,7576331756246713095
42,2,540,V5D0556,7360091970368865029,Neutral,7360091970368865029
42,2,546,V5D0562,7388781962108633862,Positive,7388781962108633862
42,2,552,V5D0568,7341415062076130054,Neutral,7341415062076130054
42,2,554,V5D0570,7418898941242278661,Negative,7418898941242278661
42,2,555,V5D0571,7422881901168263942,Positive,7422881901168263942
42,2,559,V5D0575,7428445714558288646,Neutral,7428445714558288646
42,2,564,V5D0580,7428786097200956166,Neutral,7428786097200956166
42,2,570,V5D0586,7306831229831283462,Positive,7306831229831283462
42,2,574,V5D0590,7428817649927635730,Neutral,7428817649927635730
42,2,576,V5D0592,7428777916232483589,Neutral,7428777916232483589
42,2,583,V5D0599,7430625883742782214,Positive,7430625883742782214
42,2,584,V5D0600,7400261684675560198,Neutral,7400261684675560198
42,2,585,V5D0601,7597770970602504977,Positive,7597770970602504977
42,2,587,V5D0603,7403252760781669126,Neutral,7403252760781669126
42,2,594,V5D0610,7428581753713443590,Neutral,7428581753713443590
42,2,595,V5D0611,7456422205879698183,Neutral,7456422205879698183
42,2,597,V5D0613,7422697883143127813,Positive,7422697883143127813
42,2,602,V5D0618,7596248273108779784,Positive,7596248273108779784
42,2,606,V5D0622,7422724704727286534,Positive,7422724704727286534
42,2,607,V5D0623,7421217151782781701,Positive,7421217151782781701
42,2,616,V5D0634,7421489865839313669,Negative,7421489865839313669
42,2,620,V5D0638,7419646837675655941,Neutral,7419646837675655941
42,2,622,V5D0640,7358420239945696006,Neutral,7358420239945696006
42,2,624,V5D0642,7422355644098282246,Negative,7422355644098282246
42,2,625,V5D0643,7421863836947743494,Neutral,7421863836947743494
42,2,626,V5D0644,7312715538097881861,Neutral,7312715538097881861
42,2,627,V5D0645,7331330781526590214,Neutral,7331330781526590214
42,2,628,V5D0646,7421360951366599429,Positive,7421360951366599429
42,2,630,V5D0648,7330858042642596614,Neutral,7330858042642596614
42,2,633,V5D0651,7378547325406724870,Neutral,7378547325406724870
42,2,638,V5D0656,7328076938319987462,Neutral,7328076938319987462
42,2,643,V5D0661,7470169873571808055,Neutral,7470169873571808055
42,2,646,V5D0664,7465690561199325970,Neutral,7465690561199325970
42,2,647,V5D0665,7195942615116120858,Positive,7195942615116120858
42,2,650,V5D0668,7358747283016499973,Negative,7358747283016499973
42,2,657,V5D0675,7312106906608042758,Neutral,7312106906608042758
42,2,658,V5D0676,7291827364518291786A,Positive,7291827364518291786A
42,2,661,V5D0679,7421902223866970886,Negative,7421902223866970886
42,2,667,V5D0685,7428857120789267218,Neutral,7428857120789267218
42,2,668,V5D0686,7319104741186749189,Negative,7319104741186749189
42,2,669,V5D0687,7422190964259963653,Positive,7422190964259963653
42,2,673,V5D0692,7129168989910876954,Neutral,7129168989910876954
42,2,674,V5D0693,7421745867666801425,Negative,7421745867666801425
42,2,675,V5D0694,7388436411832304389,Negative,7388436411832304389
42,2,677,V5D0696,7396300229253022469,Neutral,7396300229253022469
42,2,678,V5D0697,7525292614531875605,Neutral,7525292614531875605
42,2,685,V5D0704,7422499469767688967,Positive,7422499469767688967
42,2,688,V5D0707,7424460589176931078,Positive,7424460589176931078
42,2,689,V5D0708,7333633889121174277,Negative,7333633889121174277
42,2,691,V5D0710,7299491805510337285,Neutral,7299491805510337285
42,2,693,V5D0712,7421891602454725381,Neutral,7421891602454725381
42,2,708,V5D0728,7477109059117810450,Neutral,7477109059117810450
42,2,709,V5D0730,7379543100685124358,Neutral,7379543100685124358
42,2,710,V5D0731,7435175388186559240,Neutral,7435175388186559240
42,2,711,V5D0732,7531765798068208391,Neutral,7531765798068208391
42,2,713,V5D0734,7377359386622198534,Neutral,7377359386622198534
42,2,714,V5D0735,7430736166042206984,Neutral,7430736166042206984
42,2,717,V5D0738,7398943389520462598,Neutral,7398943389520462598
42,2,718,V5D0739,7460737028528276242,Positive,7460737028528276242
42,2,724,V5D0746,7359161930970710802,Positive,7359161930970710802
42,2,725,V5D0747,7206173181325099803,Neutral,7206173181325099803
42,2,728,V5D0750,7422811824159130374,Neutral,7422811824159130374
42,2,729,V5D0751,7422966363545404166,Positive,7422966363545404166
42,2,735,V5D0757,7365046924066145030,Neutral,7365046924066145030
42,2,736,V5D0758,7422904657301340934,Negative,7422904657301340934
42,2,740,V5D0762,7428726838706979589,Positive,7428726838706979589
42,2,752,V5D0774,7392898869703852805,Neutral,7392898869703852805
42,2,758,V5D0780,7454447588231856912,Neutral,7454447588231856912
42,2,759,V5D0781,7445547970005762824,Neutral,7445547970005762824
42,2,764,V5D0786,7440847838386373432,Positive,7440847838386373432
42,2,767,V5D0789,7422821025110770438,Neutral,7422821025110770438
42,2,771,V5D0793,7341667168893141765,Neutral,7341667168893141765
42,2,772,V5D0794,7421138023641187077,Positive,7421138023641187077
42,2,773,V5D0795,7422886768478290693,Negative,7422886768478290693
42,2,779,V5D0801,7314311427788636934,Neutral,7314311427788636934
42,2,782,V5D0804,7335252778611622662,Neutral,7335252778611622662
42,2,784,V5D0806,7355903183260025605,Neutral,7355903183260025605
42,2,786,V5D0808,7429161664396821254,Neutral,7429161664396821254
42,2,791,V5D0813,7429518518851781381,Neutral,7429518518851781381
42,2,793,V5D0815,7225879577549570842,Neutral,7225879577549570842
42,2,795,V5D0817,7418896861611197189,Neutral,7418896861611197189
42,2,801,V5D0823,7430387412109132552,Positive,7430387412109132552
42,2,805,V5D0827,7135754334742938394,Neutral,7135754334742938394
42,2,810,V5D0832,7421416082860622612,Positive,7421416082860622612
42,2,816,V5D0838,7643966437199446804,Neutral,7643966437199446804
42,2,817,V5D0839,7422155811139175173,Positive,7422155811139175173
42,2,818,V5D0840,7249994919514145541,Neutral,7249994919514145541
42,2,820,V5D0842,7369941576564966150,Neutral,7369941576564966150
42,2,822,V5D0844,7429140142278312709,Neutral,7429140142278312709
42,2,823,V5D0845,7428542298210042629,Neutral,7428542298210042629
42,2,825,V5D0847,7213212866144912155,Neutral,7213212866144912155
42,2,826,V5D0848,7346249836465341190,Neutral,7346249836465341190
42,2,827,V5D0849,7424311367173489413,Neutral,7424311367173489413
42,2,828,V5D0850,7428625455856698117,Neutral,7428625455856698117
42,2,829,V5D0851,7416951985628283653,Neutral,7416951985628283653
42,2,831,V5D0853,7315366877788635910,Positive,7315366877788635910
42,2,833,V5D0855,7312049845089436421,Neutral,7312049845089436421
42,2,835,V5D0857,7223675390920196890,Negative,7223675390920196890
42,2,836,V5D0858,7361770630368838405,Negative,7361770630368838405
42,2,837,V5D0859,7311402975774163718,Neutral,7311402975774163718
42,2,838,V5D0860,7428644515911713544,Neutral,7428644515911713544
42,2,840,V5D0863,7421568723998540550,Negative,7421568723998540550
42,2,841,V5D0864,7429092124836692757,Neutral,7429092124836692757
42,2,850,V5D0873,7323892174956249861,Neutral,7323892174956249861
42,2,852,V5D0875,7595118155971478292,Neutral,7595118155971478292
42,2,853,V5D0876,7428462255614903045,Neutral,7428462255614903045
42,2,855,V5D0878,7428505713109041925,Neutral,7428505713109041925
42,2,866,V5D0889,7431584077281559304,Neutral,7431584077281559304
42,2,870,V5D0893,7422282713959498502,Negative,7422282713959498502
42,2,877,V5D0900,7429243619733095173,Neutral,7429243619733095173
42,2,878,V5D0901,7422256288850068230,Neutral,7422256288850068230
42,2,879,V5D0902,7596283045037458197,Positive,7596283045037458197
42,2,883,V5D0906,7564732627813466887,Neutral,7564732627813466887
42,2,885,V5D0908,7455898479229027080,Positive,7455898479229027080
42,2,888,V5D0911,7451820520520499976,Neutral,7451820520520499976
42,2,889,V5D0912,7428935280864019205,Neutral,7428935280864019205
42,2,891,V5D0914,7422012540244886278,Positive,7422012540244886278
42,2,892,V5D0915,7291827364518291284A,Positive,7291827364518291284A
42,2,899,V5D0922,7389306194329027333,Neutral,7389306194329027333
42,2,900,V5D0923,7430092435390268165,Neutral,7430092435390268165
42,2,901,V5D0924,7262621137107190533,Negative,7262621137107190533
42,2,903,V5D0926,7431074526119019269,Neutral,7431074526119019269
42,2,918,V5D0941,7230256714229056283,Neutral,7230256714229056283
42,2,927,V5D0951,7439675557355045688,Positive,7439675557355045688
42,2,933,V5D0957,7587048872708817685,Neutral,7587048872708817685
42,2,936,V5D0960,7457532474718405383,Neutral,7457532474718405383
42,2,937,V5D0961,7428440399403172616,Neutral,7428440399403172616
42,2,939,V5D0963,7357875660679119622,Negative,7357875660679119622
42,2,948,V5D0972,7422599658553508615,Positive,7422599658553508615
42,2,950,V5D0974,7428504957399941904,Neutral,7428504957399941904
42,2,953,V5D0977,7173560662416147226,Neutral,7173560662416147226
42,2,955,V5D0979,7426332503847387909,Positive,7426332503847387909
42,2,957,V5D0981,7428557419229217542,Negative,7428557419229217542
42,2,958,V5D0982,7227676993152107270,Neutral,7227676993152107270
42,2,965,V5D0989,7291827364518291523A,Positive,7291827364518291523A
42,2,966,V5D0990,7421326019841671942,Positive,7421326019841671942
42,2,967,V5D0991,7363955762236900102,Positive,7363955762236900102
42,2,975,V5D0999,7502035142522798868,Negative,7502035142522798868
42,2,976,V5D1000,7201419393484849946,Neutral,7201419393484849946
42,3,2,V5D0004,7429695657998304006,Neutral,7429695657998304006
42,3,4,V5D0006,7428626719290475270,Neutral,7428626719290475270
42,3,5,V5D0007,7205481982174708507,Neutral,7205481982174708507
42,3,11,V5D0013,7348971114062004998,Positive,7348971114062004998
42,3,13,V5D0015,7421985096692040454,Negative,7421985096692040454
42,3,15,V5D0017,7428558389497709319,Positive,7428558389497709319
42,3,17,V5D0019,7429596312189190919,Negative,7429596312189190919
42,3,18,V5D0020,7428452804514022161,Neutral,7428452804514022161
42,3,19,V5D0021,7421132587369825029,Negative,7421132587369825029
42,3,20,V5D0022,7428970528692486918,Neutral,7428970528692486918
42,3,24,V5D0027,7213892254514610971,Positive,7213892254514610971
42,3,29,V5D0032,7314809794140226309,Negative,7314809794140226309
42,3,30,V5D0033,7388871082793239302,Neutral,7388871082793239302
42,3,37,V5D0040,7392146535734018821,Negative,7392146535734018821
42,3,38,V5D0041,7428463319042392838,Neutral,7428463319042392838
42,3,41,V5D0044,7596587067858453256,Negative,7596587067858453256
42,3,42,V5D0045,7422270687748539141,Negative,7422270687748539141
42,3,48,V5D0051,7429371249153426181,Neutral,7429371249153426181
42,3,54,V5D0057,7530313276208644871,Neutral,7530313276208644871
42,3,56,V5D0059,7429196018933269265,Neutral,7429196018933269265
42,3,60,V5D0063,7430131200897991445,Negative,7430131200897991445
42,3,64,V5D0067,7421781656674140934,Negative,7421781656674140934
42,3,65,V5D0068,7151675086725645083,Neutral,7151675086725645083
42,3,66,V5D0069,7313084475474674438,Neutral,7313084475474674438
42,3,71,V5D0074,7146324370967970587,Positive,7146324370967970587
42,3,77,V5D0080,7421326666972005126,Neutral,7421326666972005126
42,3,80,V5D0083,7333989331428672262,Positive,7333989331428672262
42,3,81,V5D0084,7434795530326197000,Positive,7434795530326197000
42,3,91,V5D0094,7134759817448637210,Neutral,7134759817448637210
42,3,93,V5D0096,7188747827001508634,Neutral,7188747827001508634
42,3,94,V5D0097,7418937311796888325,Neutral,7418937311796888325
42,3,101,V5D0104,7358565004284723969,Neutral,7358565004284723969
42,3,102,V5D0105,7313400142961935110,Positive,7313400142961935110
42,3,105,V5D0108,7388550448192307974,Positive,7388550448192307974
42,3,106,V5D0109,7265642231578804997,Neutral,7265642231578804997
42,3,108,V5D0111,7365984980529513222,Negative,7365984980529513222
42,3,112,V5D0115,7415890301053010693,Positive,7415890301053010693
42,3,113,V5D0116,7323206537618555654,Neutral,7323206537618555654
42,3,116,V5D0119,7421871512594924293,Neutral,7421871512594924293
42,3,118,V5D0122,7586861179604943624,Neutral,7586861179604943624
42,3,125,V5D0129,7358129257644065541,Positive,7358129257644065541
42,3,126,V5D0130,7335028321748812549,Neutral,7335028321748812549
42,3,137,V5D0142,7424549561480250118,Positive,7424549561480250118
42,3,140,V5D0145,7421726363101594373,Neutral,7421726363101594373
42,3,141,V5D0146,7422166828950995717,Negative,7422166828950995717
42,3,142,V5D0147,7422844901123752710,Neutral,7422844901123752710
42,3,147,V5D0152,7397688210815894277,Positive,7397688210815894277
42,3,148,V5D0153,7430468312541741832,Neutral,7430468312541741832
42,3,149,V5D0154,7431074034856575764,Neutral,7431074034856575764
42,3,153,V5D0158,7388919329192100614,Neutral,7388919329192100614
42,3,157,V5D0162,7272943984077882118,Neutral,7272943984077882118
42,3,160,V5D0165,7223177993568158490,Neutral,7223177993568158490
42,3,162,V5D0167,7228943450627818266,Neutral,7228943450627818266
42,3,167,V5D0173,7421755645148742405,Neutral,7421755645148742405
42,3,170,V5D0176,7429961039381283590,Neutral,7429961039381283590
42,3,172,V5D0178,7421849674984538886,Neutral,7421849674984538886
42,3,174,V5D0181,7429140132215571216,Neutral,7429140132215571216
42,3,176,V5D0183,7428551955032687365,Negative,7428551955032687365
42,3,177,V5D0184,7223734856881111834,Positive,7223734856881111834
42,3,181,V5D0188,7428503466265527058,Positive,7428503466265527058
42,3,184,V5D0191,7467497101116670726,Positive,7467497101116670726
42,3,185,V5D0192,7291827364518291474A,Positive,7291827364518291474A
42,3,188,V5D0196,7601125604926554901,Neutral,7601125604926554901
42,3,194,V5D0202,7426750837189378834,Negative,7426750837189378834
42,3,199,V5D0207,7377309705897378566,Neutral,7377309705897378566
42,3,203,V5D0211,7225959258344866587,Positive,7225959258344866587
42,3,208,V5D0216,7421245299434750725,Negative,7421245299434750725
42,3,209,V5D0217,7398124758925361925,Neutral,7398124758925361925
42,3,213,V5D0222,7431070093537526533,Neutral,7431070093537526533
42,3,220,V5D0230,7285026497781023493,Neutral,7285026497781023493
42,3,221,V5D0231,7421574431127962374,Negative,7421574431127962374
42,3,223,V5D0233,7421552742801769221,Negative,7421552742801769221
42,3,224,V5D0234,7422111892829602566,Negative,7422111892829602566
42,3,225,V5D0235,7381055506892342021,Negative,7381055506892342021
42,3,234,V5D0245,7424761693319922439,Negative,7424761693319922439
42,3,236,V5D0247,7428438795634393861,Neutral,7428438795634393861
42,3,238,V5D0249,7388484413699490565,Neutral,7388484413699490565
42,3,239,V5D0250,7429134512951264005,Neutral,7429134512951264005
42,3,240,V5D0251,7429310628081582854,Positive,7429310628081582854
42,3,242,V5D0253,7421177048759403285,Negative,7421177048759403285
42,3,243,V5D0255,7357865829151490822,Negative,7357865829151490822
42,3,244,V5D0256,7289034951538098950,Positive,7289034951538098950
42,3,245,V5D0257,7364017026459599622,Negative,7364017026459599622
42,3,250,V5D0263,7404058814818272005,Neutral,7404058814818272005
42,3,252,V5D0265,7443037215536235282,Neutral,7443037215536235282
42,3,253,V5D0266,7342910566968099590,Neutral,7342910566968099590
42,3,259,V5D0272,7405193546632053510,Positive,7405193546632053510
42,3,262,V5D0275,7313610614231597829,Neutral,7313610614231597829
42,3,268,V5D0281,7432573708420399878,Negative,7432573708420399878
42,3,270,V5D0283,7470356733387883284,Neutral,7470356733387883284
42,3,272,V5D0285,7281965499579204357,Neutral,7281965499579204357
42,3,274,V5D0287,7422460621708591877,Negative,7422460621708591877
42,3,277,V5D0290,7428467529268134662,Neutral,7428467529268134662
42,3,278,V5D0291,7589120809390752520,Neutral,7589120809390752520
42,3,280,V5D0293,7422692250180485893,Neutral,7422692250180485893
42,3,283,V5D0296,7223560620402131739,Neutral,7223560620402131739
42,3,286,V5D0299,7132160441505973018,Neutral,7132160441505973018
42,3,300,V5D0313,7428506518503867154,Neutral,7428506518503867154
42,3,303,V5D0316,7430030536678769413,Positive,7430030536678769413
42,3,305,V5D0318,7286459273470509829,Positive,7286459273470509829
42,3,306,V5D0319,7421357573640831749,Positive,7421357573640831749
42,3,311,V5D0325,7428561017163514625,Neutral,7428561017163514625
42,3,312,V5D0326,7421502672643375878,Neutral,7421502672643375878
42,3,315,V5D0329,7221729322082730778,Negative,7221729322082730778
42,3,317,V5D0331,7456656623547204373,Neutral,7456656623547204373
42,3,321,V5D0335,7359269256930624262,Negative,7359269256930624262
42,3,322,V5D0336,7435178561441465095,Neutral,7435178561441465095
42,3,325,V5D0339,7422874024470512390,Negative,7422874024470512390
42,3,326,V5D0340,7382073462989685509,Neutral,7382073462989685509
42,3,328,V5D0342,7422802326895624965,Neutral,7422802326895624965
42,3,329,V5D0343,7209493054671438618,Positive,7209493054671438618
42,3,330,V5D0344,7421510066397102855,Neutral,7421510066397102855
42,3,337,V5D0352,7353431487743050501,Neutral,7353431487743050501
42,3,342,V5D0357,7358290970628227846,Negative,7358290970628227846
42,3,343,V5D0358,7431520096692454145,Neutral,7431520096692454145
42,3,347,V5D0362,7428812855099654920,Neutral,7428812855099654920
42,3,358,V5D0373,7341792453832409862,Neutral,7341792453832409862
42,3,359,V5D0374,7358870448745399045,Neutral,7358870448745399045
42,3,363,V5D0378,7503382989650461447,Neutral,7503382989650461447
42,3,365,V5D0380,7312036931763356421,Neutral,7312036931763356421
42,3,367,V5D0382,7425814945621738246,Neutral,7425814945621738246
42,3,373,V5D0388,7312620096789152518,Positive,7312620096789152518
42,3,376,V5D0391,7271591355427373829,Neutral,7271591355427373829
42,3,384,V5D0399,7429021415838483206,Neutral,7429021415838483206
42,3,388,V5D0403,7600209196361270036,Neutral,7600209196361270036
42,3,394,V5D0409,7325371703089414917,Neutral,7325371703089414917
42,3,397,V5D0412,7359432950708781829,Neutral,7359432950708781829
42,3,398,V5D0413,7422887557006721798,Negative,7422887557006721798
42,3,399,V5D0414,7596262143189222151,Neutral,7596262143189222151
42,3,403,V5D0418,7574301625432097544,Neutral,7574301625432097544
42,3,405,V5D0420,7428810147436380934,Neutral,7428810147436380934
42,3,408,V5D0423,7627317362082317074,Negative,7627317362082317074
42,3,410,V5D0425,7422626955580097285,Neutral,7422626955580097285
42,3,411,V5D0426,7428858051908518674,Neutral,7428858051908518674
42,3,413,V5D0428,7365907206207865605,Neutral,7365907206207865605
42,3,421,V5D0436,7394110663125779206,Neutral,7394110663125779206
42,3,427,V5D0442,7393997428980089606,Positive,7393997428980089606
42,3,430,V5D0445,7466044209569465106,Neutral,7466044209569465106
42,3,431,V5D0446,7418893608068023045,Neutral,7418893608068023045
42,3,432,V5D0447,7428545714101175045,Positive,7428545714101175045
42,3,433,V5D0448,7362055697032774405,Neutral,7362055697032774405
42,3,434,V5D0449,7429539064603673350,Positive,7429539064603673350
42,3,435,V5D0450,7372153939532301061,Neutral,7372153939532301061
42,3,436,V5D0451,7421368721497522949,Negative,7421368721497522949
42,3,439,V5D0455,7431083278448902918,Neutral,7431083278448902918
42,3,440,V5D0456,7428702023535231749,Negative,7428702023535231749
42,3,452,V5D0468,7243277284148298501,Neutral,7243277284148298501
42,3,455,V5D0471,7315580194844001029,Neutral,7315580194844001029
42,3,459,V5D0475,7328899594589340422,Neutral,7328899594589340422
42,3,463,V5D0479,7329538045564945158,Neutral,7329538045564945158
42,3,469,V5D0485,7429693672302920449,Negative,7429693672302920449
42,3,470,V5D0486,7357884348962079493,Neutral,7357884348962079493
42,3,472,V5D0488,7360257027970450182,Positive,7360257027970450182
42,3,474,V5D0490,7428441705572336390,Neutral,7428441705572336390
42,3,475,V5D0491,7421727190465233670,Neutral,7421727190465233670
42,3,482,V5D0498,7351629075142329094,Negative,7351629075142329094
42,3,486,V5D0502,7422473988042326790,Positive,7422473988042326790
42,3,490,V5D0506,7428534568397374226,Positive,7428534568397374226
42,3,491,V5D0507,7518299884795183879,Positive,7518299884795183879
42,3,492,V5D0508,7429257066198106886,Neutral,7429257066198106886
42,3,495,V5D0511,7421314514108482309,Neutral,7421314514108482309
42,3,496,V5D0512,7432169371277591302,Neutral,7432169371277591302
42,3,504,V5D0520,7428571596284297990,Neutral,7428571596284297990
42,3,508,V5D0524,7428457850211304198,Positive,7428457850211304198
42,3,509,V5D0525,7421427934106157830,Positive,7421427934106157830
42,3,510,V5D0526,7421216198165660434,Negative,7421216198165660434
42,3,512,V5D0528,7316619399573979906,Neutral,7316619399573979906
42,3,514,V5D0530,7227108593794597658,Neutral,7227108593794597658
42,3,515,V5D0531,7189256002364736282,Neutral,7189256002364736282
42,3,521,V5D0537,7421713542413730566,Positive,7421713542413730566
42,3,523,V5D0539,7430036877762069255,Neutral,7430036877762069255
42,3,525,V5D0541,7441221750413263634,Neutral,7441221750413263634
42,3,535,V5D0551,7131504500422394650,Positive,7131504500422394650
42,3,536,V5D0552,7308159382267790086,Positive,7308159382267790086
42,3,537,V5D0553,7317334750782898950,Neutral,7317334750782898950
42,3,541,V5D0557,7378411124293927681,Neutral,7378411124293927681
42,3,542,V5D0558,7421826715960640261,Negative,7421826715960640261
42,3,544,V5D0560,7310170521257526021,Neutral,7310170521257526021
42,3,547,V5D0563,7428457075107775238,Neutral,7428457075107775238
42,3,553,V5D0569,7430684505067930374,Neutral,7430684505067930374
42,3,557,V5D0573,7305786578407588614,Positive,7305786578407588614
42,3,562,V5D0578,7319478317047825158,Neutral,7319478317047825158
42,3,563,V5D0579,7596881418031055633,Negative,7596881418031055633
42,3,566,V5D0582,7421218660721869574,Positive,7421218660721869574
42,3,568,V5D0584,7209274227056018203,Positive,7209274227056018203
42,3,569,V5D0585,7331695893945565958,Neutral,7331695893945565958
42,3,573,V5D0589,7430327757631275794,Negative,7430327757631275794
42,3,575,V5D0591,7428639782089720581,Neutral,7428639782089720581
42,3,580,V5D0596,7428645246266082055,Neutral,7428645246266082055
42,3,581,V5D0597,7357910330913866502,Neutral,7357910330913866502
42,3,582,V5D0598,7207406424556946203,Neutral,7207406424556946203
42,3,586,V5D0602,7422228722256544518,Negative,7422228722256544518
42,3,588,V5D0604,7341250041532007173,Neutral,7341250041532007173
42,3,591,V5D0607,7543477317735318288,Positive,7543477317735318288
42,3,593,V5D0609,7402114653931979525,Positive,7402114653931979525
42,3,610,V5D0626,7361232832751076102,Positive,7361232832751076102
42,3,612,V5D0628,7236712127872090885,Neutral,7236712127872090885
42,3,613,V5D0629,7321228550420808454,Positive,7321228550420808454
42,3,614,V5D0630,7341228709884003077,Positive,7341228709884003077
42,3,618,V5D0636,7616939696555541255,Neutral,7616939696555541255
42,3,621,V5D0639,7422818731858199302,Neutral,7422818731858199302
42,3,623,V5D0641,7428593838652883719,Neutral,7428593838652883719
42,3,629,V5D0647,7421829085763027718,Negative,7421829085763027718
42,3,635,V5D0653,7428531740978922246,Neutral,7428531740978922246
42,3,637,V5D0655,7596255983220638465,Positive,7596255983220638465
42,3,639,V5D0657,7364572001426014981,Positive,7364572001426014981
42,3,641,V5D0659,7443972500545127176,Positive,7443972500545127176
42,3,644,V5D0662,7434358065866670856,Positive,7434358065866670856
42,3,645,V5D0663,7401073968936190726,Neutral,7401073968936190726
42,3,649,V5D0667,7431455877863359238,Neutral,7431455877863359238
42,3,653,V5D0671,7421720899924181766,Positive,7421720899924181766
42,3,654,V5D0672,7587007928872878849,Neutral,7587007928872878849
42,3,655,V5D0673,7485287995295220486,Neutral,7485287995295220486
42,3,656,V5D0674,7459698669538231058,Neutral,7459698669538231058
42,3,660,V5D0678,7422990301986505478,Positive,7422990301986505478
42,3,663,V5D0681,7428465318764839685,Neutral,7428465318764839685
42,3,664,V5D0682,7185897540398646043,Positive,7185897540398646043
42,3,666,V5D0684,7422913915628405510,Positive,7422913915628405510
42,3,670,V5D0688,7428623252630700806,Positive,7428623252630700806
42,3,671,V5D0690,7365111033763103494,Neutral,7365111033763103494
42,3,672,V5D0691,7367799658213491461,Neutral,7367799658213491461
42,3,679,V5D0698,7254967177392227078,Negative,7254967177392227078
42,3,681,V5D0700,7424336032188973830,Positive,7424336032188973830
42,3,682,V5D0701,7421420854011560709,Positive,7421420854011560709
42,3,683,V5D0702,7433742975164973842,Neutral,7433742975164973842
42,3,686,V5D0705,7181376667158610715,Negative,7181376667158610715
42,3,690,V5D0709,7423355241032303365,Positive,7423355241032303365
42,3,692,V5D0711,7431783057360962312,Negative,7431783057360962312
42,3,695,V5D0714,7595116704122077969,Neutral,7595116704122077969
42,3,696,V5D0716,7596242693640356616,Positive,7596242693640356616
42,3,697,V5D0717,7439339206302057234,Neutral,7439339206302057234
42,3,699,V5D0719,7127057753080152859,Neutral,7127057753080152859
42,3,700,V5D0720,7456851510438937364,Positive,7456851510438937364
42,3,701,V5D0721,7379946373913346821,Neutral,7379946373913346821
42,3,702,V5D0722,7186164376185275163,Positive,7186164376185275163
42,3,703,V5D0723,7421879560059355909,Positive,7421879560059355909
42,3,704,V5D0724,7453277503772312328,Neutral,7453277503772312328
42,3,705,V5D0725,7373669500116566789,Neutral,7373669500116566789
42,3,706,V5D0726,7421907017823306502,Negative,7421907017823306502
42,3,707,V5D0727,7148023689761375002,Negative,7148023689761375002
42,3,715,V5D0736,7494973858173600530,Neutral,7494973858173600530
42,3,719,V5D0741,7421164502563177222,Negative,7421164502563177222
42,3,720,V5D0742,7338447818037003013,Neutral,7338447818037003013
42,3,721,V5D0743,7312211617604420357,Positive,7312211617604420357
42,3,722,V5D0744,7362935862613590785,Neutral,7362935862613590785
42,3,723,V5D0745,7429154454706897672,Neutral,7429154454706897672
42,3,726,V5D0748,7429755155941229317,Neutral,7429755155941229317
42,3,730,V5D0752,7226313920100909851,Neutral,7226313920100909851
42,3,732,V5D0754,7291827364518291854A,Positive,7291827364518291854A
42,3,734,V5D0756,7421589903853634309,Negative,7421589903853634309
42,3,739,V5D0761,7475954060958155528,Neutral,7475954060958155528
42,3,741,V5D0763,7291827364518291214A,Positive,7291827364518291214A
42,3,742,V5D0764,7428555225885557509,Neutral,7428555225885557509
42,3,743,V5D0765,7428565040456499976,Neutral,7428565040456499976
42,3,745,V5D0767,7421196600356635397,Negative,7421196600356635397
42,3,748,V5D0770,7429229570509980421,Neutral,7429229570509980421
42,3,751,V5D0773,7446160096655131399,Positive,7446160096655131399
42,3,756,V5D0778,7329037215219073797,Neutral,7329037215219073797
42,3,757,V5D0779,7330945381041832709,Neutral,7330945381041832709
42,3,765,V5D0787,7423574265956926213,Neutral,7423574265956926213
42,3,768,V5D0790,7461984986057540370,Neutral,7461984986057540370
42,3,769,V5D0791,7248778604158583557,Positive,7248778604158583557
42,3,775,V5D0797,7422315876551492358,Positive,7422315876551492358
42,3,776,V5D0798,7422125354108142342,Negative,7422125354108142342
42,3,777,V5D0799,7596511490770076424,Negative,7596511490770076424
42,3,783,V5D0805,7354690934196192018,Negative,7354690934196192018
42,3,785,V5D0807,7428543449080955655,Neutral,7428543449080955655
42,3,789,V5D0811,7447512232336933650,Neutral,7447512232336933650
42,3,796,V5D0818,7421431155021382405,Positive,7421431155021382405
42,3,798,V5D0820,7533843182586397448,Neutral,7533843182586397448
42,3,802,V5D0824,7199115308878119706,Neutral,7199115308878119706
42,3,806,V5D0828,7438976648101561143,Neutral,7438976648101561143
42,3,811,V5D0833,7502794114615542549,Negative,7502794114615542549
42,3,813,V5D0835,7225422393333613338,Neutral,7225422393333613338
42,3,819,V5D0841,7422823380447134470,Negative,7422823380447134470
42,3,824,V5D0846,7212671125078852379,Neutral,7212671125078852379
42,3,830,V5D0852,7421348619309466374,Negative,7421348619309466374
42,3,832,V5D0854,7450364666138215176,Neutral,7450364666138215176
42,3,834,V5D0856,7357729820916155141,Neutral,7357729820916155141
42,3,842,V5D0865,7428474896634151685,Neutral,7428474896634151685
42,3,844,V5D0867,7231059908393124635,Positive,7231059908393124635
42,3,845,V5D0868,7368858357669921542,Neutral,7368858357669921542
42,3,846,V5D0869,7385092850814632709,Negative,7385092850814632709
42,3,848,V5D0871,7421357101487932165,Negative,7421357101487932165
42,3,857,V5D0880,7439937642861069064,Neutral,7439937642861069064
42,3,859,V5D0882,7312077960218968837,Neutral,7312077960218968837
42,3,862,V5D0885,7422667236064592646,Positive,7422667236064592646
42,3,863,V5D0886,7291827364518291548A,Positive,7291827364518291548A
42,3,865,V5D0888,7406920288241648389,Neutral,7406920288241648389
42,3,868,V5D0891,7474478508086166290,Neutral,7474478508086166290
42,3,872,V5D0895,7470425421143671559,Negative,7470425421143671559
42,3,873,V5D0896,7390062328991056648,Positive,7390062328991056648
42,3,875,V5D0898,7378759654618383109,Neutral,7378759654618383109
42,3,882,V5D0905,7596249295739011858,Positive,7596249295739011858
42,3,884,V5D0907,7596456593643569928,Neutral,7596456593643569928
42,3,886,V5D0909,7430806617417401089,Neutral,7430806617417401089
42,3,890,V5D0913,7596351697502028565,Negative,7596351697502028565
42,3,893,V5D0916,7225978865163174683,Neutral,7225978865163174683
42,3,897,V5D0920,7567683810008498951,Positive,7567683810008498951
42,3,898,V5D0921,7430724037443322631,Neutral,7430724037443322631
42,3,902,V5D0925,7377686674590319365,Positive,7377686674590319365
42,3,904,V5D0927,7428775837903733511,Neutral,7428775837903733511
42,3,909,V5D0932,7436668274957861650,Neutral,7436668274957861650
42,3,915,V5D0938,7379034747253048070,Neutral,7379034747253048070
42,3,917,V5D0940,7455721579898225426,Negative,7455721579898225426
42,3,919,V5D0942,7258353060636279558,Positive,7258353060636279558
42,3,920,V5D0943,7252679209003860741,Neutral,7252679209003860741
42,3,921,V5D0945,7299475018064741125,Neutral,7299475018064741125
42,3,922,V5D0946,7387223408628548357,Neutral,7387223408628548357
42,3,929,V5D0953,7341028975865185030,Positive,7341028975865185030
42,3,932,V5D0956,7324266967304504069,Negative,7324266967304504069
42,3,941,V5D0965,7596575166102012679,Negative,7596575166102012679
42,3,944,V5D0968,7421920754231460614,Positive,7421920754231460614
42,3,946,V5D0970,7363616607535678213,Positive,7363616607535678213
42,3,951,V5D0975,7230456571851408154,Positive,7230456571851408154
42,3,954,V5D0978,7422535207067403013,Negative,7422535207067403013
42,3,956,V5D0980,7421407689852879622,Negative,7421407689852879622
42,3,962,V5D0986,7399665424495756038,Negative,7399665424495756038
42,3,963,V5D0987,7215808075610686234,Neutral,7215808075610686234
42,3,964,V5D0988,7428733549812007685,Neutral,7428733549812007685
42,3,968,V5D0992,7422953830968656646,Negative,7422953830968656646
42,3,969,V5D0993,7429248183777166085,Neutral,7429248183777166085
42,3,971,V5D0995,7551353788402615048,Neutral,7551353788402615048
42,3,972,V5D0996,7428444878726906642,Neutral,7428444878726906642
42,3,974,V5D0998,7428784440577393413,Neutral,7428784440577393413
