hcc_id,community_size,n_accounts,n_comments,evaluable_comments,coverage,positive_count,neutral_count,negative_count,uncertain_count,no_text_count,positive_ratio,neutral_ratio,negative_ratio,soft_positive_share,soft_neutral_share,soft_negative_share,effective_sample_size,dominant_sentiment,goal_orientation,goal_orientation_status,goal_confidence,goal_stability,goal_method,goal_validation_status,small_sample_warning,primary_brand,brand_label_auto,brand_combo,brand_confidence,narrative_similarity_level,negative_ratio_ci_low,negative_ratio_ci_high,neutral_ratio_ci_low,neutral_ratio_ci_high,positive_ratio_ci_low,positive_ratio_ci_high
1,3,3,21,21,1.0,8,12,1,0,0,0.38095238095238093,0.5714285714285714,0.047619047619047616,0.3596096413808515,0.5670521117063836,0.07333824691276492,19.05927848815918,Neutral,Neutral Engagement,Assigned,Medium,0.19047619047619047,hard_label_ratios_with_soft_probability_mass_and_bootstrap_stability_v5,INDOBERT_V5_ACCEPTED_AS_FINAL_RM2_SENTIMENT_MODEL,False,Daviena,Mixed_3plus_Brands,Daviena + Maryame + Azarine,Low,Low,0.008455769471923294,0.22669816586235464,0.3654621629703245,0.7553030051347894,0.20750767797982508,0.5912170418449848
2,6,6,18,18,1.0,6,9,3,0,0,0.3333333333333333,0.5,0.16666666666666666,0.32310284508599174,0.5461328824361166,0.1307642724778917,15.037775993347168,Neutral,Neutral Engagement,Assigned,Medium,0.16666666666666669,hard_label_ratios_with_soft_probability_mass_and_bootstrap_stability_v5,INDOBERT_V5_ACCEPTED_AS_FINAL_RM2_SENTIMENT_MODEL,False,Maryame,Maryame,Maryame,High,Low,0.058364704004657555,0.3922249963835924,0.2903070395897999,0.7096929604102001,0.16278554363662856,0.5625093065574964
3,5,5,15,15,1.0,3,12,0,0,0,0.2,0.8,0.0,0.1876285570266144,0.74791406706823,0.06445737590515557,13.8502779006958,Neutral,Neutral Engagement,Assigned,High,0.6000000000000001,hard_label_ratios_with_soft_probability_mass_and_bootstrap_stability_v5,INDOBERT_V5_ACCEPTED_AS_FINAL_RM2_SENTIMENT_MODEL,False,Maryame,Mixed_2_Brands,Maryame + The Originote,Medium,Low,-2.2096511667503485e-17,0.20388926630434784,0.5481406466534955,0.9295257935638959,0.07047420643610411,0.4518593533465045
5,8,8,64,64,1.0,22,38,4,0,0,0.34375,0.59375,0.0625,0.3162087845237372,0.5918600051382185,0.09193121033804431,55.939064025878906,Neutral,Neutral Engagement,Assigned,High,0.25,hard_label_ratios_with_soft_probability_mass_and_bootstrap_stability_v5,INDOBERT_V5_ACCEPTED_AS_FINAL_RM2_SENTIMENT_MODEL,False,The Originote,The Originote,The Originote,High,Low,0.024570803674792932,0.14997696642496885,0.4714498650454971,0.7054327556474111,0.2392297503546903,0.46596588182379606
14,3,3,15,15,1.0,8,7,0,0,0,0.5333333333333333,0.4666666666666667,0.0,0.4509312808883699,0.4701603758398841,0.07890834327174596,13.470198631286621,Positive,Mixed Goals,Assigned,Low,0.06666666666666665,hard_label_ratios_with_soft_probability_mass_and_bootstrap_stability_v5,INDOBERT_V5_ACCEPTED_AS_FINAL_RM2_SENTIMENT_MODEL,False,Daviena,Mixed_3plus_Brands,Daviena + Maryame + The Originote,Low,Low,-2.2096511667503485e-17,0.20388926630434784,0.24809225259746442,0.6988336984894922,0.3011663015105079,0.7519077474025356
15,6,6,18,18,1.0,6,9,3,0,0,0.3333333333333333,0.5,0.16666666666666666,0.2927581999037001,0.562170664469401,0.14507113562689888,15.587356567382812,Neutral,Neutral Engagement,Assigned,Medium,0.16666666666666669,hard_label_ratios_with_soft_probability_mass_and_bootstrap_stability_v5,INDOBERT_V5_ACCEPTED_AS_FINAL_RM2_SENTIMENT_MODEL,False,The Originote,The Originote,The Originote,High,Low,0.058364704004657555,0.3922249963835924,0.2903070395897999,0.7096929604102001,0.16278554363662856,0.5625093065574964
16,5,5,15,15,1.0,4,10,1,0,0,0.26666666666666666,0.6666666666666666,0.06666666666666667,0.3021765828997526,0.5715689568348311,0.1262544602654163,12.611319541931152,Neutral,Neutral Engagement,Assigned,High,0.39999999999999997,hard_label_ratios_with_soft_probability_mass_and_bootstrap_stability_v5,INDOBERT_V5_ACCEPTED_AS_FINAL_RM2_SENTIMENT_MODEL,False,Daviena,Daviena,Daviena + The Originote,Medium,Low,0.011866588606194882,0.2981707755242399,0.4171312515121298,0.8482389930530875,0.10897276103182815,0.5195088965768675
17,11,11,37,37,1.0,12,23,2,0,0,0.32432432432432434,0.6216216216216216,0.05405405405405406,0.2718289659827909,0.6457116019863361,0.08245943203087301,32.57597351074219,Neutral,Neutral Engagement,Assigned,High,0.29729729729729726,hard_label_ratios_with_soft_probability_mass_and_bootstrap_stability_v5,INDOBERT_V5_ACCEPTED_AS_FINAL_RM2_SENTIMENT_MODEL,False,Maryame,Mixed_3plus_Brands,Maryame + The Originote + Azarine,Low,Low,0.014950662770539937,0.17704965063539913,0.4610014255281996,0.7593621253610897,0.1963307782081548,0.48536631495176064
18,6,6,18,18,1.0,9,9,0,0,0,0.5,0.5,0.0,0.4635212609582268,0.5006766766197702,0.03580206242200298,16.39473533630371,Neutral,Mixed Goals,Assigned,Low,0.0,hard_label_ratios_with_soft_probability_mass_and_bootstrap_stability_v5,INDOBERT_V5_ACCEPTED_AS_FINAL_RM2_SENTIMENT_MODEL,False,The Originote,The Originote,The Originote,High,Low,0.0,0.1758845505823749,0.2903070395897999,0.7096929604102001,0.2903070395897999,0.7096929604102001
20,3,3,24,24,1.0,9,9,6,0,0,0.375,0.375,0.25,0.4038668393320473,0.41910806458973754,0.17702509607821512,19.94406509399414,Neutral,Polarized / Contested,Assigned,Low,0.0,hard_label_ratios_with_soft_probability_mass_and_bootstrap_stability_v5,INDOBERT_V5_ACCEPTED_AS_FINAL_RM2_SENTIMENT_MODEL,False,Daviena,Daviena,Daviena + Maryame,Medium,Low,0.11999203479342334,0.44899825312106445,0.21159133433631455,0.5729038096209293,0.21159133433631455,0.5729038096209293
34,3,3,6,6,1.0,5,1,0,0,0,0.8333333333333334,0.16666666666666666,0.0,0.7043350397679202,0.1888295771910831,0.10683538304099673,4.55185604095459,Positive,Promotional / Supportive,Assigned,Low,0.6666666666666667,hard_label_ratios_with_soft_probability_mass_and_bootstrap_stability_v5,INDOBERT_V5_ACCEPTED_AS_FINAL_RM2_SENTIMENT_MODEL,True,Daviena,Daviena,Daviena + Maryame + The Originote,Medium,Low,0.0,0.3903430336530645,0.030052585871730285,0.563509436563646,0.4364905634363539,0.9699474141282696
40,5,5,0,0,,0,0,0,0,0,0.0,0.0,0.0,0.0,0.0,0.0,0.0,No evaluable sentiment,Mixed Goals,LOW_EVIDENCE_GOAL_ORIENTATION,Low,0.0,hard_label_ratios_with_soft_probability_mass_and_bootstrap_stability_v5,INDOBERT_V5_ACCEPTED_AS_FINAL_RM2_SENTIMENT_MODEL,True,Daviena,Daviena,Daviena,High,Medium,,,,,,
43,4,4,0,0,,0,0,0,0,0,0.0,0.0,0.0,0.0,0.0,0.0,0.0,No evaluable sentiment,Mixed Goals,LOW_EVIDENCE_GOAL_ORIENTATION,Low,0.0,hard_label_ratios_with_soft_probability_mass_and_bootstrap_stability_v5,INDOBERT_V5_ACCEPTED_AS_FINAL_RM2_SENTIMENT_MODEL,True,Maryame,Mixed_3plus_Brands,Maryame + Azarine + The Originote,Medium,Low,,,,,,
44,7,7,0,0,,0,0,0,0,0,0.0,0.0,0.0,0.0,0.0,0.0,0.0,No evaluable sentiment,Mixed Goals,LOW_EVIDENCE_GOAL_ORIENTATION,Low,0.0,hard_label_ratios_with_soft_probability_mass_and_bootstrap_stability_v5,INDOBERT_V5_ACCEPTED_AS_FINAL_RM2_SENTIMENT_MODEL,True,The Originote,The Originote,The Originote + Daviena,Medium,Low,,,,,,
46,5,5,21,21,1.0,5,15,1,0,0,0.23809523809523808,0.7142857142857143,0.047619047619047616,0.21001237500190237,0.7106913087539047,0.07929631624419285,18.983739852905273,Neutral,Neutral Engagement,Assigned,High,0.4761904761904762,hard_label_ratios_with_soft_probability_mass_and_bootstrap_stability_v5,INDOBERT_V5_ACCEPTED_AS_FINAL_RM2_SENTIMENT_MODEL,False,The Originote,Mixed_3plus_Brands,The Originote + Azarine + Maryame,Medium,Low,0.008455769471923294,0.22669816586235464,0.5004322617716241,0.8618632425437179,0.10627856389112264,0.4509158197234593
47,6,6,0,0,,0,0,0,0,0,0.0,0.0,0.0,0.0,0.0,0.0,0.0,No evaluable sentiment,Mixed Goals,LOW_EVIDENCE_GOAL_ORIENTATION,Low,0.0,hard_label_ratios_with_soft_probability_mass_and_bootstrap_stability_v5,INDOBERT_V5_ACCEPTED_AS_FINAL_RM2_SENTIMENT_MODEL,True,Daviena,Mixed_3plus_Brands,Daviena + Maryame + The Originote,Low,Low,,,,,,
48,6,6,30,30,1.0,9,19,2,0,0,0.3,0.6333333333333333,0.06666666666666667,0.3004950793505497,0.6012445990046724,0.09826032164477791,26.651647567749023,Neutral,Neutral Engagement,Assigned,High,0.3333333333333333,hard_label_ratios_with_soft_probability_mass_and_bootstrap_stability_v5,INDOBERT_V5_ACCEPTED_AS_FINAL_RM2_SENTIMENT_MODEL,False,Maryame,Maryame,Maryame,High,Low,0.018476635327693364,0.21323817721072086,0.4551324643360493,0.7812629779598231,0.16664562643958936,0.47876121011660183
50,5,5,18,18,1.0,7,11,0,0,0,0.3888888888888889,0.6111111111111112,0.0,0.3553789144704221,0.5855379556876029,0.059083129841974974,16.469295501708984,Neutral,Neutral Engagement,Assigned,High,0.22222222222222227,hard_label_ratios_with_soft_probability_mass_and_bootstrap_stability_v5,INDOBERT_V5_ACCEPTED_AS_FINAL_RM2_SENTIMENT_MODEL,False,Daviena,Daviena,Daviena + Maryame + The Originote,Medium,Low,0.0,0.1758845505823749,0.3861866858065617,0.7969500807306884,0.2030499192693116,0.6138133141934383
52,11,11,40,40,1.0,20,18,2,0,0,0.5,0.45,0.05,0.42328841572758996,0.48155281742796513,0.09515876684444488,34.40110778808594,Positive,Mixed Goals,Assigned,Low,0.04999999999999999,hard_label_ratios_with_soft_probability_mass_and_bootstrap_stability_v5,INDOBERT_V5_ACCEPTED_AS_FINAL_RM2_SENTIMENT_MODEL,False,Azarine,Azarine,Azarine + Daviena,High,Low,0.013820377146101093,0.165041708179252,0.30705075280944705,0.6017117011155924,0.3519927879709976,0.6480072120290024
53,5,5,0,0,,0,0,0,0,0,0.0,0.0,0.0,0.0,0.0,0.0,0.0,No evaluable sentiment,Mixed Goals,LOW_EVIDENCE_GOAL_ORIENTATION,Low,0.0,hard_label_ratios_with_soft_probability_mass_and_bootstrap_stability_v5,INDOBERT_V5_ACCEPTED_AS_FINAL_RM2_SENTIMENT_MODEL,True,Daviena,Daviena,Daviena,High,Low,,,,,,
58,3,3,0,0,,0,0,0,0,0,0.0,0.0,0.0,0.0,0.0,0.0,0.0,No evaluable sentiment,Mixed Goals,LOW_EVIDENCE_GOAL_ORIENTATION,Low,0.0,hard_label_ratios_with_soft_probability_mass_and_bootstrap_stability_v5,INDOBERT_V5_ACCEPTED_AS_FINAL_RM2_SENTIMENT_MODEL,True,Daviena,Daviena,Daviena,High,Low,,,,,,
62,3,3,0,0,,0,0,0,0,0,0.0,0.0,0.0,0.0,0.0,0.0,0.0,No evaluable sentiment,Mixed Goals,LOW_EVIDENCE_GOAL_ORIENTATION,Low,0.0,hard_label_ratios_with_soft_probability_mass_and_bootstrap_stability_v5,INDOBERT_V5_ACCEPTED_AS_FINAL_RM2_SENTIMENT_MODEL,True,Maryame,Mixed_3plus_Brands,Maryame + Daviena + The Originote,Medium,Low,,,,,,
73,3,3,0,0,,0,0,0,0,0,0.0,0.0,0.0,0.0,0.0,0.0,0.0,No evaluable sentiment,Mixed Goals,LOW_EVIDENCE_GOAL_ORIENTATION,Low,0.0,hard_label_ratios_with_soft_probability_mass_and_bootstrap_stability_v5,INDOBERT_V5_ACCEPTED_AS_FINAL_RM2_SENTIMENT_MODEL,True,Daviena,Daviena,Daviena + Maryame,Medium,Low,,,,,,
74,4,4,12,12,1.0,4,6,2,0,0,0.3333333333333333,0.5,0.16666666666666666,0.3415319885658027,0.5258817620487832,0.13258624938541402,10.848967552185059,Neutral,Neutral Engagement,Assigned,Medium,0.16666666666666669,hard_label_ratios_with_soft_probability_mass_and_bootstrap_stability_v5,INDOBERT_V5_ACCEPTED_AS_FINAL_RM2_SENTIMENT_MODEL,False,Daviena,Mixed_2_Brands,Daviena + Maryame,Medium,Low,0.046964147614822246,0.44803635738467273,0.2537781703934222,0.7462218296065778,0.13811783989736134,0.609382412602386
86,5,5,0,0,,0,0,0,0,0,0.0,0.0,0.0,0.0,0.0,0.0,0.0,No evaluable sentiment,Mixed Goals,LOW_EVIDENCE_GOAL_ORIENTATION,Low,0.0,hard_label_ratios_with_soft_probability_mass_and_bootstrap_stability_v5,INDOBERT_V5_ACCEPTED_AS_FINAL_RM2_SENTIMENT_MODEL,True,Daviena,Mixed_2_Brands,Daviena + Maryame,Medium,Low,,,,,,
90,4,4,12,12,1.0,2,10,0,0,0,0.16666666666666666,0.8333333333333334,0.0,0.15953413803909358,0.7971363941543936,0.04332946780651279,11.041178703308105,Neutral,Neutral Engagement,Assigned,Medium,0.6666666666666667,hard_label_ratios_with_soft_probability_mass_and_bootstrap_stability_v5,INDOBERT_V5_ACCEPTED_AS_FINAL_RM2_SENTIMENT_MODEL,False,Azarine,Mixed_3plus_Brands,Azarine + Daviena + Maryame,Low,Low,0.0,0.2425007574992425,0.5519636426153274,0.9530358523851776,0.046964147614822246,0.44803635738467273
99,6,6,28,28,1.0,28,0,0,0,0,1.0,0.0,0.0,0.9454367605107887,0.024891269996250378,0.02967196949296085,26.472227096557617,Positive,Promotional / Supportive,Assigned,High,1.0,hard_label_ratios_with_soft_probability_mass_and_bootstrap_stability_v5,INDOBERT_V5_ACCEPTED_AS_FINAL_RM2_SENTIMENT_MODEL,False,The Originote,The Originote,The Originote,High,Medium,0.0,0.12064720365810762,0.0,0.12064720365810762,0.8793527963418923,1.0
112,6,6,0,0,,0,0,0,0,0,0.0,0.0,0.0,0.0,0.0,0.0,0.0,No evaluable sentiment,Mixed Goals,LOW_EVIDENCE_GOAL_ORIENTATION,Low,0.0,hard_label_ratios_with_soft_probability_mass_and_bootstrap_stability_v5,INDOBERT_V5_ACCEPTED_AS_FINAL_RM2_SENTIMENT_MODEL,True,Maryame,Maryame,Maryame,High,Medium,,,,,,
113,6,6,28,28,1.0,28,0,0,0,0,1.0,0.0,0.0,0.9524170200810245,0.025002132568858984,0.022580847350116513,26.667678833007812,Positive,Promotional / Supportive,Assigned,High,1.0,hard_label_ratios_with_soft_probability_mass_and_bootstrap_stability_v5,INDOBERT_V5_ACCEPTED_AS_FINAL_RM2_SENTIMENT_MODEL,False,Maryame,Maryame,Maryame,High,Medium,0.0,0.12064720365810762,0.0,0.12064720365810762,0.8793527963418923,1.0
116,6,6,0,0,,0,0,0,0,0,0.0,0.0,0.0,0.0,0.0,0.0,0.0,No evaluable sentiment,Mixed Goals,LOW_EVIDENCE_GOAL_ORIENTATION,Low,0.0,hard_label_ratios_with_soft_probability_mass_and_bootstrap_stability_v5,INDOBERT_V5_ACCEPTED_AS_FINAL_RM2_SENTIMENT_MODEL,True,The Originote,The Originote,The Originote,High,Low,,,,,,
130,4,4,0,0,,0,0,0,0,0,0.0,0.0,0.0,0.0,0.0,0.0,0.0,No evaluable sentiment,Mixed Goals,LOW_EVIDENCE_GOAL_ORIENTATION,Low,0.0,hard_label_ratios_with_soft_probability_mass_and_bootstrap_stability_v5,INDOBERT_V5_ACCEPTED_AS_FINAL_RM2_SENTIMENT_MODEL,True,Azarine,Mixed_3plus_Brands,Azarine + Maryame + The Originote,Medium,Low,,,,,,
133,3,3,0,0,,0,0,0,0,0,0.0,0.0,0.0,0.0,0.0,0.0,0.0,No evaluable sentiment,Mixed Goals,LOW_EVIDENCE_GOAL_ORIENTATION,Low,0.0,hard_label_ratios_with_soft_probability_mass_and_bootstrap_stability_v5,INDOBERT_V5_ACCEPTED_AS_FINAL_RM2_SENTIMENT_MODEL,True,Daviena,Daviena,Daviena + The Originote,Medium,Low,,,,,,
150,6,6,48,48,1.0,20,22,6,0,0,0.4166666666666667,0.4583333333333333,0.125,0.3897570449065575,0.4808712895884373,0.12937166550500523,42.28269577026367,Neutral,Mixed Goals,Assigned,Low,0.04166666666666663,hard_label_ratios_with_soft_probability_mass_and_bootstrap_stability_v5,INDOBERT_V5_ACCEPTED_AS_FINAL_RM2_SENTIMENT_MODEL,False,Maryame,Maryame,Maryame + The Originote,Medium,Low,0.058569717504008446,0.2470072708605482,0.3257502185455351,0.5970916690505266,0.28849459734577015,0.5571891778463535
169,5,5,0,0,,0,0,0,0,0,0.0,0.0,0.0,0.0,0.0,0.0,0.0,No evaluable sentiment,Mixed Goals,LOW_EVIDENCE_GOAL_ORIENTATION,Low,0.0,hard_label_ratios_with_soft_probability_mass_and_bootstrap_stability_v5,INDOBERT_V5_ACCEPTED_AS_FINAL_RM2_SENTIMENT_MODEL,True,Daviena,Daviena,Daviena,High,Low,,,,,,
181,4,4,23,23,1.0,23,0,0,0,0,1.0,0.0,0.0,0.9431219857768074,0.02180439572039257,0.0350736185028,21.691804885864258,Positive,Promotional / Supportive,Assigned,High,1.0,hard_label_ratios_with_soft_probability_mass_and_bootstrap_stability_v5,INDOBERT_V5_ACCEPTED_AS_FINAL_RM2_SENTIMENT_MODEL,False,Azarine,Azarine,Azarine,High,Low,0.0,0.14312112541726274,0.0,0.14312112541726274,0.8568788745827373,1.0000000000000002
182,5,5,18,18,1.0,4,9,5,0,0,0.2222222222222222,0.5,0.2777777777777778,0.2514542671983966,0.5209476544870892,0.2275980783145142,14.75403881072998,Neutral,Neutral Engagement,Assigned,High,0.2222222222222222,hard_label_ratios_with_soft_probability_mass_and_bootstrap_stability_v5,INDOBERT_V5_ACCEPTED_AS_FINAL_RM2_SENTIMENT_MODEL,False,Daviena,Daviena,Daviena,High,Medium,0.12499569146355476,0.5087307754619452,0.2903070395897999,0.7096929604102001,0.09000781913382,0.4521502645230549
183,6,6,15,15,1.0,7,6,2,0,0,0.4666666666666667,0.4,0.13333333333333333,0.43272145589192706,0.4405550956726074,0.12672344843546549,13.362443923950195,Positive,Mixed Goals,Assigned,Low,0.06666666666666665,hard_label_ratios_with_soft_probability_mass_and_bootstrap_stability_v5,INDOBERT_V5_ACCEPTED_AS_FINAL_RM2_SENTIMENT_MODEL,False,Maryame,Maryame,Maryame + Azarine,Medium,Low,0.037360469891359285,0.3788249920651624,0.19824228082594664,0.6425355724349229,0.24809225259746442,0.6988336984894922
184,7,7,0,0,,0,0,0,0,0,0.0,0.0,0.0,0.0,0.0,0.0,0.0,No evaluable sentiment,Mixed Goals,LOW_EVIDENCE_GOAL_ORIENTATION,Low,0.0,hard_label_ratios_with_soft_probability_mass_and_bootstrap_stability_v5,INDOBERT_V5_ACCEPTED_AS_FINAL_RM2_SENTIMENT_MODEL,True,The Originote,The Originote,The Originote,High,Low,,,,,,
193,5,5,0,0,,0,0,0,0,0,0.0,0.0,0.0,0.0,0.0,0.0,0.0,No evaluable sentiment,Mixed Goals,LOW_EVIDENCE_GOAL_ORIENTATION,Low,0.0,hard_label_ratios_with_soft_probability_mass_and_bootstrap_stability_v5,INDOBERT_V5_ACCEPTED_AS_FINAL_RM2_SENTIMENT_MODEL,True,The Originote,The Originote,The Originote,High,Medium,,,,,,
204,4,4,18,18,1.0,18,0,0,0,0,1.0,0.0,0.0,0.9241109179361419,0.04331383325487155,0.03257524880898664,16.633996963500977,Positive,Promotional / Supportive,Assigned,High,1.0,hard_label_ratios_with_soft_probability_mass_and_bootstrap_stability_v5,INDOBERT_V5_ACCEPTED_AS_FINAL_RM2_SENTIMENT_MODEL,False,Azarine,Azarine,Azarine,High,Low,0.0,0.1758845505823749,0.0,0.1758845505823749,0.8241154494176252,1.0000000000000002
205,5,5,23,23,1.0,23,0,0,0,0,1.0,0.0,0.0,0.9474047779732102,0.028052322362353076,0.024542899664436763,21.790311813354492,Positive,Promotional / Supportive,Assigned,High,1.0,hard_label_ratios_with_soft_probability_mass_and_bootstrap_stability_v5,INDOBERT_V5_ACCEPTED_AS_FINAL_RM2_SENTIMENT_MODEL,False,The Originote,The Originote,The Originote,High,Medium,0.0,0.14312112541726274,0.0,0.14312112541726274,0.8568788745827373,1.0000000000000002
206,5,5,23,23,1.0,23,0,0,0,0,1.0,0.0,0.0,0.9334705774299327,0.030195354632829723,0.0363340679372376,21.469823837280273,Positive,Promotional / Supportive,Assigned,High,1.0,hard_label_ratios_with_soft_probability_mass_and_bootstrap_stability_v5,INDOBERT_V5_ACCEPTED_AS_FINAL_RM2_SENTIMENT_MODEL,False,Maryame,Maryame,Maryame,High,Medium,0.0,0.14312112541726274,0.0,0.14312112541726274,0.8568788745827373,1.0000000000000002
